name_key,year_from,year_to,race_from,race_to,same_race,time_from_sec,time_to_sec,delta_sec
(isaac) liangze lin,2024,2025,15km,3km,False,,,
a adam ibrahim j mohamed,2024,2025,21.1km,21.1km,True,10594,7941,-2653
aaron boon ng poh,2024,2025,21.1km,21.1km,True,9010,8834,-176
aaron cheah,2024,2025,15km,21.1km,False,,,
aaron ho,2024,2025,21.1km,21.1km,True,6008,6498,490
aarush bhadury,2024,2025,5km,5km,True,2287,2117,-170
abautret robin,2024,2025,21.1km,10km,False,,,
abdul abqari adib bin muhammad razak,2024,2025,10km,10km,True,5624,4405,-1219
abdul akmal bin fahmi jamil,2024,2025,10km,21.1km,False,,,
abdul ammirul rahman,2024,2025,10km,10km,True,5678,5706,28
abdul raimi,2024,2025,21.1km,21.1km,True,8988,9969,981
abdullah sarin,2024,2025,5km,21.1km,False,,,
abe kazuyuki,2024,2025,21.1km,21.1km,True,8374,8804,430
abedeen tyebally,2024,2025,21.1km,21.1km,True,8922,9440,518
abhinav b,2024,2025,21.1km,21.1km,True,8226,7620,-606
abhishek roy,2024,2025,21.1km,21.1km,True,7396,7261,-135
adam boungnadeth,2024,2025,5km,5km,True,1928,2334,406
adam elsa,2024,2025,5km,10km,False,,,
adam olivier,2024,2025,5km,15km,False,,,
adele eyu,2024,2025,10km,21.1km,False,,,
adrian heng,2024,2025,21.1km,21.1km,True,7351,7453,102
adrian khiat,2024,2025,10km,10km,True,4400,6758,2358
adrienne ng,2024,2025,10km,15km,False,,,
agnes teah,2024,2025,10km,10km,True,4000,4925,925
ai jia koh,2024,2025,10km,10km,True,4034,3940,-94
aidan ng,2024,2025,21.1km,15km,False,,,
aishan mao,2024,2025,21.1km,21.1km,True,7298,7260,-38
aizat muhammad,2024,2025,21.1km,21.1km,True,7384,7192,-192
akila galappatthy,2024,2025,10km,10km,True,4528,4409,-119
akilit elijah,2024,2025,21.1km,21.1km,True,7325,7899,574
akira maeda,2024,2025,21.1km,21.1km,True,6165,6290,125
akshay sawant,2024,2025,10km,10km,True,5509,5883,374
alan ang,2024,2025,21.1km,21.1km,True,7150,6853,-297
alan chan,2024,2025,5km,10km,False,,,
aldwin benter mark,2024,2025,21.1km,21.1km,True,10343,7290,-3053
alex lee,2024,2025,5km,5km,True,2926,2816,-110
alexander andrew joshua,2024,2025,21.1km,21.1km,True,7622,7316,-306
ali bajuri,2024,2025,10km,10km,True,3609,3806,197
alicia yang,2024,2025,21.1km,21.1km,True,8795,8484,-311
alvin chee lee yong,2024,2025,21.1km,21.1km,True,8064,6974,-1090
alvin chua,2024,2025,21.1km,21.1km,True,7906,8006,100
alvin peh,2024,2025,21.1km,21.1km,True,6623,6437,-186
alvin soong,2024,2025,10km,10km,True,4400,6754,2354
alvin tan,2024,2025,21.1km,21.1km,True,10919,7266,-3653
amandeep singh,2024,2025,15km,21.1km,False,,,
ameya salkar,2024,2025,21.1km,21.1km,True,8906,8442,-464
amin dhiren,2024,2025,10km,10km,True,4550,4355,-195
an liat ong,2024,2025,5km,5km,True,2374,2637,263
an sophia,2024,2025,21.1km,21.1km,True,11780,11623,-157
an yang yi,2024,2025,21.1km,21.1km,True,12319,10196,-2123
an yang zhi,2024,2025,21.1km,21.1km,True,10858,10405,-453
andre berk da mata,2024,2025,21.1km,21.1km,True,8161,7242,-919
andrew tan,2024,2025,15km,10km,False,,,
andy tan,2024,2025,15km,21.1km,False,,,
ang bob,2024,2025,21.1km,21.1km,True,6433,9176,2743
ang chee guan,2024,2025,21.1km,21.1km,True,11935,8702,-3233
ang chun hua,2024,2025,21.1km,21.1km,True,7689,7632,-57
ang connie,2024,2025,21.1km,21.1km,True,9278,8551,-727
ang geetat,2024,2025,5km,10km,False,,,
ang jesslyn,2024,2025,3km,3km,True,1382,1435,53
ang john,2024,2025,21.1km,21.1km,True,6803,8479,1676
ang julie,2024,2025,10km,10km,True,6882,6508,-374
ang kiong kok,2024,2025,21.1km,21.1km,True,7458,7955,497
ang lin peng,2024,2025,10km,21.1km,False,,,
ang nat,2024,2025,5km,10km,False,,,
ang yong yu,2024,2025,21.1km,21.1km,True,11355,9434,-1921
angela mancini,2024,2025,15km,10km,False,,,
anil kalyanam kumar,2024,2025,21.1km,21.1km,True,13014,5460,-7554
anisah mustaffa,2024,2025,10km,10km,True,6487,6474,-13
ann kian song,2024,2025,21.1km,21.1km,True,9669,9059,-610
annie quek,2024,2025,21.1km,10km,False,,,
anthony morgan,2024,2025,10km,10km,True,5858,5014,-844
anthony rajoo,2024,2025,10km,10km,True,3471,3482,11
anushka nerurkar,2024,2025,10km,10km,True,4372,5220,848
anya beek der en min van,2024,2025,5km,5km,True,1849,2226,377
april cheong,2024,2025,21.1km,21.1km,True,8958,8294,-664
aravindh kv,2024,2025,21.1km,21.1km,True,9501,7247,-2254
ariff hussein,2024,2025,10km,15km,False,,,
arjuna pai ramananda,2024,2025,10km,10km,True,4767,4720,-47
art dimapilis,2024,2025,21.1km,21.1km,True,12720,11702,-1018
arulmalai selvam vellaisamy,2024,2025,21.1km,21.1km,True,12315,12047,-268
arunkumar shanmugam,2024,2025,10km,10km,True,5048,6273,1225
arvinder kaur,2024,2025,15km,21.1km,False,,,
ashley liew,2024,2025,21.1km,21.1km,True,5291,5686,395
asmuni nazmi,2024,2025,21.1km,21.1km,True,8218,8945,727
athena maniam,2024,2025,5km,5km,True,2986,3196,210
audrey see-toh,2024,2025,10km,10km,True,5356,4718,-638
auer daniel,2024,2025,21.1km,21.1km,True,8671,7793,-878
aung htike soe,2024,2025,21.1km,21.1km,True,9875,9272,-603
aung phyo thiha,2024,2025,21.1km,21.1km,True,12325,9555,-2770
aurora kuang,2024,2025,5km,5km,True,3436,3245,-191
aye aye myint,2024,2025,5km,5km,True,2915,2981,66
azlin de rick,2024,2025,10km,10km,True,4750,4939,189
babagay caramel,2024,2025,15km,21.1km,False,,,
bachtiar naomi,2024,2025,10km,10km,True,4615,5036,421
baey edmund,2024,2025,21.1km,21.1km,True,6783,7300,517
baharum bin firdaus muhammad,2024,2025,21.1km,21.1km,True,9789,8351,-1438
bailey simon,2024,2025,15km,15km,True,5619,5299,-320
balachandran janani,2024,2025,15km,15km,True,8063,7886,-177
ballard michael,2024,2025,21.1km,21.1km,True,9349,8080,-1269
bao ru tan,2024,2025,21.1km,21.1km,True,9946,10948,1002
baoyan dong,2024,2025,5km,10km,False,,,
barbe valentin,2024,2025,10km,10km,True,4016,2588,-1428
bavay johan,2024,2025,21.1km,21.1km,True,12291,9148,-3143
bavay thomas,2024,2025,21.1km,10km,False,,,
bee hong lim,2024,2025,5km,5km,True,3812,3247,-565
bee hui joyce low,2024,2025,10km,10km,True,4703,4432,-271
beek der maya min van yi,2024,2025,700m Kids,700m Kids,True,3600,420,-3180
beek der richard van,2024,2025,10km,15km,False,,,
beena malini rema sadhanandam,2024,2025,5km,5km,True,3606,3363,-243
beh terence,2024,2025,21.1km,10km,False,,,
belina quek,2024,2025,21.1km,21.1km,True,9217,6547,-2670
belinda neo,2024,2025,21.1km,21.1km,True,9459,6521,-2938
benedict tan,2024,2025,10km,21.1km,False,,,
beng chee ng,2024,2025,21.1km,21.1km,True,5970,5811,-159
beng chee teo,2024,2025,21.1km,21.1km,True,8643,8636,-7
beng kok owe,2024,2025,21.1km,21.1km,True,9422,9963,541
beng lim tian,2024,2025,21.1km,21.1km,True,10148,9159,-989
beng teck ting,2024,2025,21.1km,21.1km,True,9408,6301,-3107
benita jagan priyadharshini,2024,2025,5km,5km,True,3599,3609,10
benitez joy lady,2024,2025,21.1km,21.1km,True,7180,6036,-1144
benjamin long,2024,2025,21.1km,21.1km,True,7098,7060,-38
benjamin wang,2024,2025,21.1km,21.1km,True,6964,6721,-243
benjamin yeong,2024,2025,10km,21.1km,False,,,
bennie mia,2024,2025,700m Kids,700m Kids,True,3600,420,-3180
benny chuan kay tan,2024,2025,21.1km,21.1km,True,7466,7163,-303
bernard oh,2024,2025,21.1km,15km,False,,,
bert wouters,2024,2025,5km,10km,False,,,
bertram timo,2024,2025,10km,15km,False,,,
bhadury shalini,2024,2025,5km,5km,True,3543,4258,715
bhadury shantonu,2024,2025,10km,10km,True,4699,4386,-313
bhagyashree makrand pathak,2024,2025,5km,5km,True,3161,3608,447
bin eman shamshul,2024,2025,21.1km,21.1km,True,5954,6022,68
bin haniff mohamad muhammad sabar,2024,2025,10km,10km,True,4732,4047,-685
bin herzad mohd muhammad rahman,2024,2025,21.1km,21.1km,True,7872,7698,-174
bin leong rui,2024,2025,21.1km,21.1km,True,10521,6189,-4332
bin mohammed rosidi rozaiman,2024,2025,21.1km,21.1km,True,8303,7137,-1166
binte huda mohd nurul taufik,2024,2025,10km,21.1km,False,,,
bock lee teik,2024,2025,21.1km,21.1km,True,7487,7298,-189
boon chee pua,2024,2025,21.1km,21.1km,True,8049,7803,-246
boon cheong poh,2024,2025,15km,21.1km,False,,,
boon chin low,2024,2025,10km,10km,True,4971,5151,180
boon hock lim,2024,2025,21.1km,21.1km,True,9688,9451,-237
boon hui koh,2024,2025,10km,10km,True,4164,4186,22
boon ng piau steve,2024,2025,15km,10km,False,,,
bradley soh,2024,2025,21.1km,21.1km,True,5898,5678,-220
brandan foong,2024,2025,10km,21.1km,False,,,
brande stuart,2024,2025,21.1km,21.1km,True,6946,7310,364
brenda li,2024,2025,15km,10km,False,,,
brian ee,2024,2025,21.1km,21.1km,True,8548,6509,-2039
bridge shiho,2024,2025,21.1km,10km,False,,,
briones john paul,2024,2025,15km,21.1km,False,,,
brouwer cees,2024,2025,21.1km,21.1km,True,5323,5105,-218
bryan tan,2024,2025,21.1km,21.1km,True,8338,6214,-2124
bte hashim munirah sharifah syed,2024,2025,15km,21.1km,False,,,
burch timothy,2024,2025,10km,10km,True,3222,2962,-260
cadence wong,2024,2025,10km,15km,False,,,
cai cijun,2024,2025,15km,21.1km,False,,,
cao jun ming,2024,2025,21.1km,21.1km,True,7496,6872,-624
carina poh,2024,2025,10km,5km,False,,,
carine tan,2024,2025,10km,10km,True,5795,5784,-11
carlier daniel,2024,2025,21.1km,21.1km,True,7893,6845,-1048
carlin cheng,2024,2025,5km,5km,True,2827,2742,-85
carol gaffney,2024,2025,21.1km,21.1km,True,6560,6800,240
carolina fica luco,2024,2025,5km,10km,False,,,
caroline dellasega,2024,2025,21.1km,21.1km,True,7631,7295,-336
cason goh,2024,2025,21.1km,21.1km,True,10504,10650,146
cass lim,2024,2025,10km,15km,False,,,
chai lee yong,2024,2025,5km,5km,True,3014,3097,83
cham cindy,2024,2025,10km,10km,True,4972,5026,54
chan edward,2024,2025,10km,10km,True,4778,3363,-1415
chan feei wen,2024,2025,10km,10km,True,4705,4079,-626
chan geck keat,2024,2025,10km,10km,True,6091,6030,-61
chan grace,2024,2025,3km,3km,True,1812,1902,90
chan guan peng,2024,2025,10km,10km,True,5569,5413,-156
chan howe kian,2024,2025,21.1km,10km,False,,,
chan jacqui,2024,2025,5km,5km,True,3270,2189,-1081
chan juay tee,2024,2025,21.1km,21.1km,True,7367,7658,291
chan kim,2024,2025,5km,10km,False,,,
chan kok teng,2024,2025,21.1km,21.1km,True,8691,9571,880
chan lih yau,2024,2025,10km,15km,False,,,
chan nyein soe,2024,2025,10km,21.1km,False,,,
chan rachel,2024,2025,15km,10km,False,,,
chan sarah,2024,2025,3km,5km,False,,,
chan serene,2024,2025,21.1km,21.1km,True,7441,7450,9
chan siew wan,2024,2025,5km,5km,True,4006,4677,671
chan zy,2024,2025,5km,5km,True,2801,3414,613
chanaka ratnayake,2024,2025,21.1km,21.1km,True,6397,6583,186
chandan jaiswal mohan,2024,2025,21.1km,21.1km,True,9556,9512,-44
chandran nisha subash,2024,2025,5km,5km,True,2087,2227,140
chandur mahtani,2024,2025,21.1km,21.1km,True,7701,6296,-1405
chang esther,2024,2025,21.1km,10km,False,,,
chang hong lee,2024,2025,21.1km,21.1km,True,7914,8985,1071
chang kang yee,2024,2025,5km,5km,True,2801,2853,52
chang lik,2024,2025,21.1km,21.1km,True,9740,8170,-1570
chang max,2024,2025,10km,10km,True,4755,4103,-652
charlie koh,2024,2025,15km,10km,False,,,
charlotte delattre,2024,2025,15km,21.1km,False,,,
charlotte kalyani koduru,2024,2025,10km,10km,True,3020,2975,-45
chas pope,2024,2025,10km,10km,True,3045,2918,-127
chaussignand maxime,2024,2025,10km,10km,True,3557,3404,-153
chaw wong wu,2024,2025,21.1km,21.1km,True,8652,8363,-289
chee david fook weng,2024,2025,15km,21.1km,False,,,
chee ghee phua,2024,2025,10km,10km,True,4027,3808,-219
chee hong khor,2024,2025,10km,10km,True,4362,5061,699
chee hong ng,2024,2025,21.1km,21.1km,True,5403,5193,-210
chee keong sng,2024,2025,21.1km,21.1km,True,10873,10981,108
chee ming quan,2024,2025,21.1km,21.1km,True,8037,7958,-79
chee mun teh,2024,2025,10km,15km,False,,,
chemmengattu ranjith valappil vijayan,2024,2025,21.1km,21.1km,True,7965,6202,-1763
chen ewan kye lim,2024,2025,15km,21.1km,False,,,
chen ignatius,2024,2025,21.1km,21.1km,True,8457,9639,1182
chen lim yu,2024,2025,700m Kids,700m Kids,True,3600,420,-3180
chen peng,2024,2025,21.1km,15km,False,,,
chen ria,2024,2025,15km,10km,False,,,
chen yi,2024,2025,10km,10km,True,5484,5347,-137
cheng fong mui,2024,2025,15km,10km,False,,,
cheng isabell,2024,2025,5km,5km,True,2207,2418,211
cheng jing ng,2024,2025,21.1km,21.1km,True,5317,5108,-209
cheng katherine lim poh,2024,2025,5km,5km,True,4569,3834,-735
cheng leong teo,2024,2025,21.1km,10km,False,,,
cheng lim shaw,2024,2025,21.1km,21.1km,True,8552,7998,-554
cheng ng yee,2024,2025,10km,10km,True,4937,4198,-739
cheng pin raymond tan,2024,2025,21.1km,21.1km,True,8659,7872,-787
cheng quek sun,2024,2025,5km,10km,False,,,
cheng shannen,2024,2025,10km,21.1km,False,,,
cheng zhao,2024,2025,21.1km,21.1km,True,5975,6238,263
cheong kam wan,2024,2025,21.1km,21.1km,True,7863,8189,326
cheow chow eng,2024,2025,21.1km,21.1km,True,11135,11067,-68
cher rui yi,2024,2025,10km,21.1km,False,,,
cher terence,2024,2025,5km,5km,True,1912,1848,-64
chermaine zhou,2024,2025,15km,10km,False,,,
chester see,2024,2025,21.1km,21.1km,True,10161,9083,-1078
cheung joey,2024,2025,15km,10km,False,,,
chew chiak keng,2024,2025,21.1km,21.1km,True,8035,8319,284
chew eng low,2024,2025,10km,10km,True,5392,4581,-811
chew sutat,2024,2025,5km,5km,True,3370,2240,-1130
chi chong woon,2024,2025,21.1km,21.1km,True,12056,10615,-1441
chia corrinne,2024,2025,10km,10km,True,5237,4964,-273
chia elvis,2024,2025,3km,10km,False,,,
chia feng zhou,2024,2025,21.1km,21.1km,True,8580,8378,-202
chia fiona,2024,2025,5km,10km,False,,,
chia jiangyun,2024,2025,5km,5km,True,2704,3448,744
chia khee yong,2024,2025,3km,3km,True,2074,1975,-99
chia khing swee,2024,2025,21.1km,21.1km,True,9423,9513,90
chia matthias,2024,2025,21.1km,21.1km,True,7901,6432,-1469
chia ming tjong,2024,2025,10km,21.1km,False,,,
chiam dean,2024,2025,10km,10km,True,2434,4112,1678
chian lam wei,2024,2025,10km,10km,True,4671,4062,-609
chichani swapnil,2024,2025,10km,10km,True,5446,5290,-156
chiew joel,2024,2025,15km,10km,False,,,
chin cj,2024,2025,15km,21.1km,False,,,
chin fong wong,2024,2025,21.1km,15km,False,,,
chin goh yee,2024,2025,21.1km,21.1km,True,10230,9743,-487
chin hui lim,2024,2025,10km,10km,True,5073,5087,14
chin kwee liew,2024,2025,15km,15km,True,8807,7996,-811
chin ong xiang,2024,2025,21.1km,21.1km,True,10515,9773,-742
chin teo yee,2024,2025,21.1km,21.1km,True,5621,5500,-121
chin william,2024,2025,10km,21.1km,False,,,
ching yueting,2024,2025,15km,10km,False,,,
chiou ng tee,2024,2025,5km,10km,False,,,
chit fu yaw,2024,2025,15km,15km,True,3033,6065,3032
chloe koh,2024,2025,10km,10km,True,3976,3463,-513
chng ern lip,2024,2025,10km,21.1km,False,,,
chng kesslyn,2024,2025,10km,15km,False,,,
chng liang wee,2024,2025,10km,10km,True,3296,3884,588
cho wee yen,2024,2025,21.1km,21.1km,True,9690,6551,-3139
chockalingam ramasamy,2024,2025,10km,21.1km,False,,,
choke seng teo,2024,2025,21.1km,21.1km,True,12085,9861,-2224
chong fong kok,2024,2025,10km,21.1km,False,,,
chong ho kang,2024,2025,10km,10km,True,5326,4541,-785
chong how jian,2024,2025,10km,10km,True,4233,4464,231
chong robin,2024,2025,10km,10km,True,5362,4909,-453
chong shirley,2024,2025,10km,15km,False,,,
choo fu siong,2024,2025,10km,5km,False,,,
choo justin,2024,2025,21.1km,10km,False,,,
choo kian seng,2024,2025,21.1km,21.1km,True,10013,8828,-1185
choon hui tan,2024,2025,15km,21.1km,False,,,
choon lim thiam,2024,2025,5km,5km,True,2625,2608,-17
choon ong wei,2024,2025,21.1km,21.1km,True,8631,7919,-712
chopard jacqueline,2024,2025,5km,5km,True,3825,4189,364
chow edwin,2024,2025,15km,21.1km,False,,,
chow eric,2024,2025,21.1km,21.1km,True,6937,6466,-471
chow li wei,2024,2025,5km,5km,True,2923,2725,-198
choy darius,2024,2025,10km,10km,True,5508,5944,436
christopher cortez jhon josua,2024,2025,5km,21.1km,False,,,
chu minh trang,2024,2025,21.1km,21.1km,True,6792,6746,-46
chua colin,2024,2025,21.1km,21.1km,True,7548,7212,-336
chua eddy,2024,2025,15km,15km,True,5747,6413,666
chua eileen,2024,2025,21.1km,21.1km,True,8873,8577,-296
chua guo liang,2024,2025,21.1km,21.1km,True,8853,7065,-1788
chua hwa shang,2024,2025,21.1km,21.1km,True,6395,6368,-27
chua john,2024,2025,21.1km,21.1km,True,9236,9019,-217
chua joseph,2024,2025,21.1km,21.1km,True,6228,6979,751
chua joshua,2024,2025,700m Kids,700m Kids,True,3600,420,-3180
chua kheng yeow,2024,2025,21.1km,15km,False,,,
chua kiat ying,2024,2025,15km,15km,True,9138,8849,-289
chua lucas,2024,2025,21.1km,21.1km,True,9170,7258,-1912
chua nathan,2024,2025,700m Kids,700m Kids,True,3600,420,-3180
chuah david,2024,2025,21.1km,21.1km,True,10868,9638,-1230
chuan hock yeo,2024,2025,21.1km,21.1km,True,10232,10176,-56
chuan ng wee,2024,2025,21.1km,21.1km,True,6702,6204,-498
chue guo xian,2024,2025,10km,10km,True,4079,3795,-284
chui malcolm,2024,2025,21.1km,21.1km,True,14331,8436,-5895
chui zoey,2024,2025,10km,15km,False,,,
chun chung hoi,2024,2025,700m Kids,700m Kids,True,3600,420,-3180
chun chung yan,2024,2025,700m Kids,700m Kids,True,3600,420,-3180
chun chung yee,2024,2025,3km,3km,True,1526,1536,10
chung loh meng,2024,2025,10km,21.1km,False,,,
chung seat yew,2024,2025,5km,5km,True,3824,3809,-15
chwee ling ong,2024,2025,5km,5km,True,1554,4674,3120
chwee peng tay,2024,2025,5km,5km,True,3251,3238,-13
chyaun kiang soon,2024,2025,15km,10km,False,,,
cindy peikert,2024,2025,21.1km,10km,False,,,
classnitz franz,2024,2025,21.1km,21.1km,True,7055,5634,-1421
clifton teo,2024,2025,21.1km,10km,False,,,
colin lim,2024,2025,10km,10km,True,3698,4923,1225
cong sim yu,2024,2025,700m Kids,700m Kids,True,3600,420,-3180
corona dheil,2024,2025,21.1km,21.1km,True,9592,9479,-113
crispin lim,2024,2025,21.1km,21.1km,True,10955,7120,-3835
cristal toh,2024,2025,21.1km,21.1km,True,8773,7976,-797
cristina junio shayne,2024,2025,5km,5km,True,3450,3451,1
cruz dela trizia,2024,2025,5km,10km,False,,,
cui pang zhen,2024,2025,21.1km,21.1km,True,9221,6608,-2613
cuong dang,2024,2025,10km,21.1km,False,,,
cynthia lim,2024,2025,10km,10km,True,4401,4021,-380
cynthia tan,2024,2025,10km,10km,True,4916,4535,-381
cynthia teo,2024,2025,21.1km,21.1km,True,9267,9290,23
dan moinard,2024,2025,21.1km,21.1km,True,5908,6032,124
danial isyraf,2024,2025,15km,21.1km,False,,,
daniel tan,2024,2025,21.1km,21.1km,True,5001,7216,2215
daniel tay,2024,2025,21.1km,21.1km,True,9241,8678,-563
daphne ng,2024,2025,15km,10km,False,,,
darryl poh-jung,2024,2025,21.1km,21.1km,True,12002,11692,-310
david ho,2024,2025,10km,10km,True,3310,3637,327
david lee,2024,2025,15km,21.1km,False,,,
dawn neo,2024,2025,5km,10km,False,,,
dawn tan,2024,2025,21.1km,10km,False,,,
de joshua kloe-raine,2024,2025,700m Kids,700m Kids,True,3600,420,-3180
deborah seah,2024,2025,10km,21.1km,False,,,
delia kang,2024,2025,5km,5km,True,2650,2587,-63
deng ming oh,2024,2025,10km,10km,True,4916,4534,-382
dennis teo,2024,2025,10km,21.1km,False,,,
derek h,2024,2025,21.1km,21.1km,True,6535,6516,-19
derran goh,2024,2025,21.1km,21.1km,True,9589,9773,184
deshmukh kavita,2024,2025,10km,10km,True,4289,3981,-308
desmond peck,2024,2025,10km,10km,True,4277,4782,505
desmond thong,2024,2025,15km,10km,False,,,
desmond zheng,2024,2025,21.1km,21.1km,True,6113,6445,332
dewiana lee,2024,2025,5km,5km,True,3264,3520,256
dhananjay jadhav,2024,2025,21.1km,21.1km,True,7294,7059,-235
di hu,2024,2025,5km,10km,False,,,
dian han lee xavier,2024,2025,21.1km,15km,False,,,
dillon lee,2024,2025,15km,15km,True,3522,3435,-87
dina valdez,2024,2025,10km,15km,False,,,
dinesh jaswani,2024,2025,10km,10km,True,3892,3574,-318
ding jie loh,2024,2025,5km,10km,False,,,
ding tong zhi,2024,2025,10km,10km,True,4533,4695,162
dingzhong wen,2024,2025,21.1km,21.1km,True,6075,6096,21
donabet donikian,2024,2025,5km,5km,True,2166,2152,-14
dong law woei,2024,2025,21.1km,21.1km,True,7637,7695,58
doreleijers frank,2024,2025,21.1km,21.1km,True,8300,9897,1597
doris mou,2024,2025,5km,5km,True,4569,3816,-753
dylan wong,2024,2025,10km,10km,True,7109,6175,-934
eden soliman,2024,2025,700m Kids,700m Kids,True,3600,420,-3180
edmund koh,2024,2025,10km,10km,True,4711,3902,-809
edmund lim,2024,2025,21.1km,21.1km,True,7772,7400,-372
edwin tiong,2024,2025,21.1km,10km,False,,,
edwin toh,2024,2025,21.1km,21.1km,True,8344,7945,-399
ee kim lock,2024,2025,21.1km,21.1km,True,9193,5986,-3207
eeda wallbank,2024,2025,21.1km,21.1km,True,10384,7333,-3051
ek jin siau,2024,2025,5km,5km,True,3968,3212,-756
elena pertegaz,2024,2025,15km,15km,True,5825,5800,-25
elina tan,2024,2025,15km,10km,False,,,
elliot lee,2024,2025,21.1km,10km,False,,,
elna wong,2024,2025,5km,5km,True,4308,3204,-1104
emilia thien,2024,2025,21.1km,21.1km,True,8642,9008,366
emma friry,2024,2025,700m Kids,700m Kids,True,3600,420,-3180
emmanuel soh winson,2024,2025,10km,21.1km,False,,,
eng khng koon,2024,2025,21.1km,21.1km,True,6984,6432,-552
eng khor sheng,2024,2025,15km,15km,True,6082,5772,-310
eng tian ying,2024,2025,21.1km,21.1km,True,7653,5775,-1878
er hao wen,2024,2025,5km,5km,True,3968,4065,97
eri maeda,2024,2025,21.1km,21.1km,True,7799,7362,-437
eric lee,2024,2025,10km,15km,False,,,
eric lim,2024,2025,21.1km,3km,False,,,
eric ng,2024,2025,5km,5km,True,2551,2496,-55
erik ford,2024,2025,15km,21.1km,False,,,
erika netto sarah,2024,2025,5km,5km,True,4117,2443,-1674
esme low,2024,2025,15km,21.1km,False,,,
estrelita navarro,2024,2025,10km,10km,True,5254,5072,-182
ethan koo,2024,2025,21.1km,21.1km,True,7929,10325,2396
ethan kuai,2024,2025,21.1km,21.1km,True,6771,6525,-246
ethan neo,2024,2025,10km,10km,True,4401,4512,111
ethelreda villavieja,2024,2025,10km,10km,True,4952,4975,23
eugin lee,2024,2025,15km,10km,False,,,
eunice tan,2024,2025,10km,10km,True,5153,4436,-717
evan koh,2024,2025,10km,21.1km,False,,,
evan lee,2024,2025,10km,10km,True,3927,4262,335
evan sim,2024,2025,21.1km,21.1km,True,7644,7675,31
everst yeong,2024,2025,21.1km,21.1km,True,9761,9386,-375
ezra sim,2024,2025,5km,5km,True,2852,3447,595
faith ford,2024,2025,15km,21.1km,False,,,
fan yang,2024,2025,10km,10km,True,4450,3880,-570
fang pin teo,2024,2025,21.1km,21.1km,True,9579,6800,-2779
fei lee soh,2024,2025,5km,5km,True,3821,3788,-33
felix koh,2024,2025,10km,10km,True,4380,4180,-200
fen koh siew,2024,2025,10km,10km,True,4163,4078,-85
flanagan joy,2024,2025,10km,15km,False,,,
fong kar siew,2024,2025,5km,5km,True,2469,2403,-66
foo jong tong,2024,2025,21.1km,21.1km,True,6846,6669,-177
foo ling mei,2024,2025,15km,15km,True,7902,5808,-2094
foo matthew,2024,2025,15km,21.1km,False,,,
foo meng seh,2024,2025,21.1km,21.1km,True,7500,6928,-572
foo shan yan,2024,2025,10km,10km,True,4741,4795,54
foong mun yan,2024,2025,10km,10km,True,4604,2377,-2227
ford keira,2024,2025,15km,21.1km,False,,,
fui siew teh,2024,2025,21.1km,10km,False,,,
gabriel kua,2024,2025,5km,5km,True,2693,2467,-226
gabriel lee,2024,2025,21.1km,15km,False,,,
gabriel lim,2024,2025,10km,21.1km,False,,,
galetti tanja,2024,2025,15km,10km,False,,,
gan koon yit,2024,2025,10km,10km,True,4102,3896,-206
gan mark,2024,2025,21.1km,21.1km,True,7826,7469,-357
ganesh svt,2024,2025,21.1km,15km,False,,,
gary kok,2024,2025,21.1km,21.1km,True,7616,7816,200
gattu pravalika,2024,2025,10km,21.1km,False,,,
gee lee wei,2024,2025,5km,5km,True,2646,2525,-121
ghana segaran,2024,2025,21.1km,10km,False,,,
gilbert soh,2024,2025,15km,15km,True,6648,6322,-326
gilbert teo,2024,2025,10km,10km,True,4906,3791,-1115
gillian lin,2024,2025,10km,10km,True,5391,4580,-811
gk janice teo,2024,2025,21.1km,21.1km,True,8400,7938,-462
goel nidhi,2024,2025,21.1km,21.1km,True,9483,9007,-476
goh gordon,2024,2025,5km,10km,False,,,
goh han jun,2024,2025,15km,10km,False,,,
goh hong wuyi,2024,2025,21.1km,21.1km,True,10982,8836,-2146
goh jonathan,2024,2025,15km,21.1km,False,,,
goh ling shing,2024,2025,21.1km,21.1km,True,5499,5234,-265
goh meei yunn,2024,2025,10km,10km,True,5325,4542,-783
gomez james lerick,2024,2025,5km,5km,True,3425,3447,22
gopalakrishnan nagarajan,2024,2025,21.1km,21.1km,True,8664,8145,-519
govindasamy sandraboss,2024,2025,10km,10km,True,5018,5181,163
govinraju vijay,2024,2025,15km,15km,True,6765,5139,-1626
guanchen jin,2024,2025,10km,21.1km,False,,,
guerreiro nuno,2024,2025,21.1km,21.1km,True,7563,7169,-394
guo yongqiang,2024,2025,10km,21.1km,False,,,
hai hock tay,2024,2025,10km,5km,False,,,
hai kim ng,2024,2025,10km,10km,True,4111,3771,-340
hai ong yong,2024,2025,21.1km,21.1km,True,10443,10524,81
hames stephen,2024,2025,21.1km,21.1km,True,8749,7275,-1474
han myo tun,2024,2025,21.1km,21.1km,True,11952,9870,-2082
han ng teng,2024,2025,10km,10km,True,5795,4198,-1597
hao jun tan,2024,2025,15km,21.1km,False,,,
harikrishnan prabha valsala,2024,2025,21.1km,10km,False,,,
harrison kristina,2024,2025,21.1km,21.1km,True,7631,6742,-889
hartono lim,2024,2025,21.1km,21.1km,True,11363,10238,-1125
hau lee melvin yen,2024,2025,21.1km,21.1km,True,9163,7910,-1253
hau song wong,2024,2025,21.1km,21.1km,True,7221,5135,-2086
haylee ong,2024,2025,10km,5km,False,,,
hazel heng,2024,2025,21.1km,21.1km,True,8425,8733,308
heah minyi,2024,2025,21.1km,21.1km,True,6785,7609,824
heather hong,2024,2025,21.1km,21.1km,True,12527,13055,528
heng hiang mor,2024,2025,21.1km,21.1km,True,9064,9370,306
heng hiong puay,2024,2025,21.1km,21.1km,True,8420,8574,154
heng kiew yi,2024,2025,21.1km,21.1km,True,5368,5421,53
heng lu,2024,2025,21.1km,21.1km,True,9649,9584,-65
henry tan,2024,2025,21.1km,21.1km,True,6773,9337,2564
hia jie wei,2024,2025,21.1km,21.1km,True,4875,5104,229
hiang joo tan,2024,2025,21.1km,15km,False,,,
him lam timothy tze,2024,2025,15km,21.1km,False,,,
himanshu upadhyaya,2024,2025,21.1km,21.1km,True,10921,7658,-3263
hiong hwee tan,2024,2025,21.1km,21.1km,True,10191,9362,-829
hiong low miaw,2024,2025,5km,5km,True,3758,3946,188
hiroyuki takashima,2024,2025,10km,21.1km,False,,,
ho kelly,2024,2025,10km,21.1km,False,,,
ho kim lay,2024,2025,10km,10km,True,5763,5989,226
ho paul,2024,2025,21.1km,21.1km,True,10066,8372,-1694
ho yin yin,2024,2025,21.1km,21.1km,True,8491,8912,421
hock tan tick,2024,2025,21.1km,21.1km,True,11119,10937,-182
hon loke wah,2024,2025,21.1km,21.1km,True,8356,8915,559
hong josiah,2024,2025,21.1km,21.1km,True,6270,5981,-289
hong kwei yong,2024,2025,5km,5km,True,2868,3015,147
hong oh thiam,2024,2025,21.1km,21.1km,True,11076,10764,-312
hou jinyi,2024,2025,5km,10km,False,,,
hou shiying,2024,2025,21.1km,21.1km,True,7533,5299,-2234
how ng yee,2024,2025,10km,10km,True,4662,4818,156
howe raymond,2024,2025,21.1km,21.1km,True,11389,7365,-4024
htet khin lin,2024,2025,21.1km,21.1km,True,6622,6343,-279
huang jenny,2024,2025,21.1km,21.1km,True,7327,5908,-1419
huang melvin,2024,2025,21.1km,21.1km,True,11621,7454,-4167
huang shengye,2024,2025,10km,10km,True,4831,4841,10
huang shufen,2024,2025,21.1km,15km,False,,,
huda mukhlis,2024,2025,10km,10km,True,3920,4047,127
hui jia leong,2024,2025,10km,21.1km,False,,,
hui keat ng,2024,2025,21.1km,21.1km,True,8084,6936,-1148
hui ong shuen,2024,2025,21.1km,21.1km,True,12277,7656,-4621
hui xuan yeo,2024,2025,5km,10km,False,,,
hwa kok liew,2024,2025,10km,10km,True,3934,3897,-37
hyuna kim,2024,2025,10km,21.1km,False,,,
iana kostetskaia,2024,2025,10km,10km,True,4246,3587,-659
irene tan,2024,2025,3km,3km,True,1321,1982,661
irmawati irmawati,2024,2025,10km,10km,True,4293,4353,60
irwin loo,2024,2025,15km,21.1km,False,,,
isaac lee rui yang,2024,2025,5km,5km,True,2527,2415,-112
ito kazuyuki,2024,2025,21.1km,21.1km,True,12907,7903,-5004
ivan tan,2024,2025,5km,10km,False,,,
jaehun jung,2024,2025,21.1km,21.1km,True,9564,7476,-2088
jaffar jamaludin,2024,2025,15km,21.1km,False,,,
jagan rajkumar samuel,2024,2025,5km,5km,True,3618,3414,-204
jain pramit,2024,2025,21.1km,21.1km,True,9651,8641,-1010
jais jamian,2024,2025,21.1km,3km,False,,,
jane moh,2024,2025,5km,5km,True,3808,2981,-827
jared tan,2024,2025,5km,21.1km,False,,,
jashen low,2024,2025,3km,3km,True,1693,2630,937
jasmine lee,2024,2025,5km,21.1km,False,,,
jason tai,2024,2025,10km,21.1km,False,,,
jason tan,2024,2025,21.1km,21.1km,True,7176,9455,2279
jasper tan,2024,2025,21.1km,10km,False,,,
jayden tan,2024,2025,10km,21.1km,False,,,
jeffery lim,2024,2025,21.1km,21.1km,True,9262,7285,-1977
jeffrey yeo,2024,2025,15km,21.1km,False,,,
jeng lee wah,2024,2025,21.1km,21.1km,True,13006,12745,-261
jenssen lee,2024,2025,21.1km,21.1km,True,5995,5703,-292
jer neo ruey,2024,2025,10km,5km,False,,,
jervis lee,2024,2025,10km,21.1km,False,,,
jeselle maegan somasundram,2024,2025,10km,10km,True,6527,4628,-1899
jess poh,2024,2025,3km,3km,True,1342,2581,1239
jess zheng,2024,2025,21.1km,21.1km,True,12328,7934,-4394
jessica tee,2024,2025,5km,5km,True,2613,2460,-153
jeyaveeran vetriselvan,2024,2025,10km,10km,True,4789,4741,-48
jia rong wong,2024,2025,21.1km,10km,False,,,
jia sim xing,2024,2025,21.1km,21.1km,True,7836,7469,-367
jia tan wei,2024,2025,10km,10km,True,5038,4772,-266
jia woo yu,2024,2025,21.1km,21.1km,True,7605,7470,-135
jiang jonathan,2024,2025,21.1km,15km,False,,,
jiang pan,2024,2025,21.1km,21.1km,True,6170,6009,-161
jiateng tang,2024,2025,21.1km,21.1km,True,6193,8052,1859
jiawei poh,2024,2025,5km,5km,True,2965,3017,52
jie jun kwan,2024,2025,15km,21.1km,False,,,
jie koh min,2024,2025,5km,15km,False,,,
jie lim zi,2024,2025,21.1km,21.1km,True,6557,6525,-32
jin jin tan,2024,2025,5km,5km,True,3669,3744,75
jin lee,2024,2025,21.1km,21.1km,True,6645,6687,42
jin teo ting,2024,2025,15km,15km,True,9949,9698,-251
jing li,2024,2025,10km,10km,True,6068,6041,-27
jing lim wei,2024,2025,21.1km,21.1km,True,7325,8560,1235
jing lim yang,2024,2025,21.1km,21.1km,True,11256,8427,-2829
jing lok yan,2024,2025,21.1km,21.1km,True,7002,6590,-412
jinyan yu,2024,2025,15km,15km,True,6837,6240,-597
jk kang,2024,2025,21.1km,21.1km,True,7925,7733,-192
jo tok,2024,2025,21.1km,21.1km,True,8767,6601,-2166
joanna ong,2024,2025,21.1km,10km,False,,,
joelle ng,2024,2025,21.1km,10km,False,,,
joey poh,2024,2025,10km,5km,False,,,
johan ngan,2024,2025,21.1km,21.1km,True,10545,7872,-2673
john jude,2024,2025,10km,10km,True,5562,5413,-149
john yates,2024,2025,21.1km,21.1km,True,7517,6282,-1235
john yeong,2024,2025,21.1km,10km,False,,,
jonathan pirolli,2024,2025,10km,10km,True,3297,3289,-8
joo ng san,2024,2025,15km,15km,True,6816,6405,-411
joo ng siak,2024,2025,10km,10km,True,4123,4057,-66
jordan true-tobiasz,2024,2025,700m Kids,700m Kids,True,3600,420,-3180
joseph linatoc,2024,2025,21.1km,10km,False,,,
joshua kennedy,2024,2025,21.1km,21.1km,True,5451,5370,-81
joshua ng,2024,2025,10km,10km,True,4617,4887,270
joud soliman,2024,2025,700m Kids,700m Kids,True,3600,420,-3180
jovan lye,2024,2025,5km,5km,True,2608,3131,523
joy quek,2024,2025,5km,5km,True,2801,3414,613
juan ong soon,2024,2025,10km,15km,False,,,
juay pauline,2024,2025,5km,5km,True,4320,3676,-644
junhong lester lin,2024,2025,10km,10km,True,5565,5411,-154
junyou lum remus,2024,2025,3km,5km,False,,,
justin loh,2024,2025,21.1km,10km,False,,,
justin ng,2024,2025,10km,21.1km,False,,,
justina zeng,2024,2025,21.1km,21.1km,True,7169,7225,56
juwiana masnawi,2024,2025,10km,10km,True,3825,3560,-265
kai kelvin ming ng,2024,2025,10km,5km,False,,,
kai yen,2024,2025,21.1km,21.1km,True,9449,9551,102
kaien tan,2024,2025,21.1km,21.1km,True,8373,8041,-332
kalaichelvan ramachandran,2024,2025,21.1km,21.1km,True,7201,7589,388
kalidasan shanmugam,2024,2025,10km,10km,True,4284,4221,-63
kalyanasundaram sairam,2024,2025,21.1km,21.1km,True,12560,7014,-5546
kanayama shingo,2024,2025,10km,10km,True,3947,3957,10
kang toh wei,2024,2025,5km,5km,True,3075,3940,865
kanishk kanoria,2024,2025,21.1km,10km,False,,,
kannan vikas,2024,2025,15km,21.1km,False,,,
kao rong sheng,2024,2025,21.1km,5km,False,,,
kaushal kunalan,2024,2025,10km,10km,True,3682,3961,279
kee koh wui,2024,2025,3km,10km,False,,,
keh raymond,2024,2025,21.1km,21.1km,True,6539,6827,288
kelvin low,2024,2025,21.1km,21.1km,True,10868,10932,64
ken wong,2024,2025,10km,21.1km,False,,,
kendrik quek,2024,2025,21.1km,21.1km,True,8682,8406,-276
keng li wong,2024,2025,10km,5km,False,,,
keng siok tan,2024,2025,10km,21.1km,False,,,
kennard lim,2024,2025,21.1km,21.1km,True,8612,7291,-1321
kenneth kwok,2024,2025,5km,21.1km,False,,,
kenneth liew,2024,2025,10km,21.1km,False,,,
kenneth ng,2024,2025,10km,21.1km,False,,,
kenneth piak suan tan,2024,2025,21.1km,21.1km,True,7789,7985,196
kenneth teo,2024,2025,21.1km,21.1km,True,7238,7585,347
keru li,2024,2025,21.1km,21.1km,True,5787,8544,2757
kevin liam,2024,2025,21.1km,10km,False,,,
khan rakesh,2024,2025,10km,21.1km,False,,,
khiank swee yeo,2024,2025,21.1km,21.1km,True,8008,7991,-17
khim lee yong,2024,2025,21.1km,21.1km,True,6282,6360,78
khoon oh york,2024,2025,21.1km,21.1km,True,8714,8686,-28
khor ray,2024,2025,21.1km,21.1km,True,8783,6768,-2015
kian koo song,2024,2025,21.1km,21.1km,True,7449,7065,-384
kian soon yong,2024,2025,21.1km,21.1km,True,6703,6708,5
kian tan yong,2024,2025,21.1km,21.1km,True,6310,6613,303
kim king zeon,2024,2025,21.1km,21.1km,True,8092,7719,-373
kim souvan,2024,2025,21.1km,21.1km,True,7546,7178,-368
kiran olla prabhu,2024,2025,5km,10km,False,,,
ko ko wynn,2024,2025,21.1km,21.1km,True,12352,8206,-4146
ko siang swee,2024,2025,21.1km,21.1km,True,8429,8165,-264
koh leroy,2024,2025,10km,15km,False,,,
koh mui thong,2024,2025,21.1km,21.1km,True,14120,13545,-575
koh terence,2024,2025,5km,10km,False,,,
koh vanessa,2024,2025,15km,10km,False,,,
koh wei-keane,2024,2025,10km,10km,True,3503,3194,-309
koh wei-shaun,2024,2025,10km,10km,True,3927,3377,-550
kok lai tay,2024,2025,10km,10km,True,6536,6868,332
kok leong ng,2024,2025,21.1km,21.1km,True,9147,6369,-2778
kok meng soo,2024,2025,21.1km,21.1km,True,9765,8944,-821
kok-chye ong,2024,2025,21.1km,21.1km,True,9588,9185,-403
kom zhixin,2024,2025,21.1km,21.1km,True,13119,9787,-3332
kong nicole,2024,2025,5km,5km,True,3122,3327,205
kong peck wah,2024,2025,21.1km,21.1km,True,7157,7814,657
koo xian zhi,2024,2025,21.1km,10km,False,,,
koon seng tew,2024,2025,10km,10km,True,4055,3885,-170
kuan ng yee,2024,2025,3km,3km,True,1273,4126,2853
kumaya tanika,2024,2025,10km,15km,False,,,
kun soh zhi,2024,2025,21.1km,21.1km,True,8944,8663,-281
kwan leong pui,2024,2025,21.1km,21.1km,True,9780,8474,-1306
kwan wong yuen,2024,2025,15km,10km,False,,,
kwok vince,2024,2025,10km,21.1km,False,,,
kylie soh,2024,2025,5km,5km,True,3138,3084,-54
kyra netto sarina,2024,2025,5km,10km,False,,,
kyven wong,2024,2025,15km,21.1km,False,,,
lai sung wong,2024,2025,21.1km,21.1km,True,9404,8518,-886
lai winston,2024,2025,21.1km,21.1km,True,6908,6623,-285
lam shannon,2024,2025,15km,10km,False,,,
lancaster steve,2024,2025,21.1km,21.1km,True,7603,7021,-582
lance vinluan,2024,2025,10km,21.1km,False,,,
lara rohit,2024,2025,3km,5km,False,,,
lauw louis,2024,2025,21.1km,21.1km,True,8334,8308,-26
lavega rosendo,2024,2025,10km,21.1km,False,,,
law lowell,2024,2025,5km,5km,True,2551,2466,-85
lawrence lim,2024,2025,10km,21.1km,False,,,
lawrence tan,2024,2025,15km,5km,False,,,
lay ming shi,2024,2025,10km,15km,False,,,
lay teo tin,2024,2025,21.1km,21.1km,True,8107,7902,-205
layton tan,2024,2025,700m Kids,700m Kids,True,3600,420,-3180
lee lim tong,2024,2025,10km,10km,True,4905,4965,60
lee ming yao,2024,2025,10km,10km,True,4869,4625,-244
lee ng tong,2024,2025,10km,10km,True,4772,4875,103
lee pamela,2024,2025,15km,10km,False,,,
lee phoenix,2024,2025,21.1km,10km,False,,,
lee pian su,2024,2025,10km,10km,True,4505,5822,1317
lee qi shi,2024,2025,21.1km,21.1km,True,9407,10296,889
lee rachel,2024,2025,15km,21.1km,False,,,
lee ron,2024,2025,21.1km,21.1km,True,9112,6916,-2196
lee rou yoon,2024,2025,10km,10km,True,5057,6193,1136
lee ryan,2024,2025,10km,10km,True,4396,4716,320
lee samuel,2024,2025,21.1km,5km,False,,,
lee tan tong,2024,2025,21.1km,21.1km,True,10073,8955,-1118
lee u-wen,2024,2025,10km,10km,True,3992,4787,795
lee vicky,2024,2025,5km,21.1km,False,,,
lee victor,2024,2025,10km,10km,True,2614,4639,2025
leisha li,2024,2025,700m Kids,700m Kids,True,3600,420,-3180
leong rayn,2024,2025,10km,10km,True,7108,6192,-916
lewis wong,2024,2025,10km,21.1km,False,,,
lf loh,2024,2025,5km,5km,True,2568,2697,129
li lian wang,2024,2025,10km,10km,True,5720,5128,-592
li ross,2024,2025,5km,10km,False,,,
li teo xin,2024,2025,21.1km,21.1km,True,9631,8692,-939
li wong xuan,2024,2025,10km,21.1km,False,,,
li xiaolong,2024,2025,21.1km,15km,False,,,
li yan,2024,2025,10km,15km,False,,,
lia marahusin,2024,2025,5km,5km,True,3075,3955,880
liam lim,2024,2025,700m Kids,700m Kids,True,3600,420,-3180
lian lim ying,2024,2025,21.1km,21.1km,True,9549,9000,-549
liang tenh wei,2024,2025,21.1km,21.1km,True,7049,6592,-457
liang wei zhi,2024,2025,21.1km,5km,False,,,
liau seng wah,2024,2025,21.1km,21.1km,True,6434,5898,-536
licheng ng,2024,2025,21.1km,21.1km,True,8744,8003,-741
lim linda,2024,2025,10km,5km,False,,,
lim luke,2024,2025,700m Kids,21.1km,False,,,
lim matthew,2024,2025,10km,21.1km,False,,,
lim meng wei,2024,2025,21.1km,21.1km,True,9975,8770,-1205
lim sally,2024,2025,21.1km,21.1km,True,8348,7916,-432
lim samantha,2024,2025,10km,21.1km,False,,,
lim seng wei,2024,2025,10km,10km,True,4680,4863,183
lim shannon,2024,2025,10km,15km,False,,,
lim siong yew,2024,2025,21.1km,21.1km,True,6525,5763,-762
lim zack,2024,2025,21.1km,21.1km,True,6842,6620,-222
lin lionel,2024,2025,10km,5km,False,,,
lin low sze,2024,2025,3km,3km,True,2135,4128,1993
lin zhou,2024,2025,10km,10km,True,4766,5556,790
ling ling teh,2024,2025,5km,5km,True,3261,3292,31
ling yam yih,2024,2025,15km,10km,False,,,
lip peng teo,2024,2025,10km,10km,True,4449,4591,142
liu minglei,2024,2025,10km,15km,False,,,
liu wencai,2024,2025,10km,10km,True,5125,5115,-10
liu zhaohui,2024,2025,21.1km,21.1km,True,8680,9131,451
liying zhu,2024,2025,3km,3km,True,2406,2668,262
lobas n,2024,2025,10km,21.1km,False,,,
loh nee peck,2024,2025,5km,5km,True,5374,3131,-2243
loh ping see,2024,2025,5km,5km,True,3857,4550,693
loi patrick,2024,2025,21.1km,21.1km,True,11044,11002,-42
loong ong sian,2024,2025,21.1km,21.1km,True,9046,6889,-2157
lovelle pheh,2024,2025,3km,3km,True,1321,1975,654
lu wei xin,2024,2025,5km,5km,True,4041,2951,-1090
luke tan,2024,2025,700m Kids,700m Kids,True,3600,420,-3180
lum seng wah,2024,2025,3km,3km,True,1227,1269,42
luo xiaoxia,2024,2025,5km,10km,False,,,
lye teo tian,2024,2025,21.1km,21.1km,True,7632,7180,-452
lynnette tan,2024,2025,5km,5km,True,2423,3651,1228
m tom,2024,2025,10km,10km,True,3790,3763,-27
mabel tan,2024,2025,15km,21.1km,False,,,
mabel tay,2024,2025,5km,5km,True,3260,3637,377
macan-markar mohamed,2024,2025,10km,15km,False,,,
makoto nagakoshi,2024,2025,21.1km,21.1km,True,6675,6882,207
manish sridhar,2024,2025,10km,15km,False,,,
manoharan suppiah,2024,2025,10km,21.1km,False,,,
marissa roslan,2024,2025,5km,5km,True,3027,2964,-63
mark shi,2024,2025,5km,3km,False,,,
martadinata ryan,2024,2025,10km,21.1km,False,,,
marzan oanes,2024,2025,10km,21.1km,False,,,
masanori yoshioka,2024,2025,21.1km,21.1km,True,6944,7576,632
masilamani rajasekar,2024,2025,21.1km,21.1km,True,9320,7985,-1335
maslim reinaldo,2024,2025,10km,10km,True,4064,4213,149
math vismay,2024,2025,21.1km,21.1km,True,6557,6643,86
mathur saurabh,2024,2025,10km,10km,True,4699,4679,-20
may wan,2024,2025,15km,5km,False,,,
meenakshisundaram ramnarayanan,2024,2025,21.1km,21.1km,True,6482,6049,-433
melieve mirasol yanson,2024,2025,21.1km,21.1km,True,9381,7426,-1955
meng quah sin,2024,2025,10km,21.1km,False,,,
michael oxlade,2024,2025,15km,15km,True,6302,6166,-136
michael tu,2024,2025,21.1km,21.1km,True,7930,7717,-213
michele yoon,2024,2025,15km,21.1km,False,,,
min ng,2024,2025,10km,10km,True,5297,5070,-227
mojado randy,2024,2025,10km,10km,True,5230,4133,-1097
moon ng,2024,2025,15km,10km,False,,,
morgan sue,2024,2025,10km,15km,False,,,
mullins tracy,2024,2025,10km,15km,False,,,
murugan thiru,2024,2025,10km,10km,True,5695,5564,-131
mustaffa ruslan,2024,2025,10km,10km,True,6134,6472,338
myint oo u,2024,2025,5km,5km,True,2304,2715,411
neo nicholas t t,2024,2025,21.1km,21.1km,True,10793,10105,-688
neyton tan,2024,2025,21.1km,21.1km,True,6370,5666,-704
ng puei san,2024,2025,15km,15km,True,6818,6907,89
ng ryan,2024,2025,15km,21.1km,False,,,
ng sharon,2024,2025,21.1km,21.1km,True,6916,7058,142
ng terrance,2024,2025,10km,21.1km,False,,,
nick wong,2024,2025,21.1km,21.1km,True,9467,9016,-451
nicole wong,2024,2025,21.1km,21.1km,True,8971,7506,-1465
nishimura yuki,2024,2025,10km,3km,False,,,
nor syafiq,2024,2025,10km,10km,True,4630,4648,18
novi yanti,2024,2025,10km,15km,False,,,
nyi nyi tun,2024,2025,10km,10km,True,5604,5655,51
okihara yuki,2024,2025,10km,21.1km,False,,,
ong raphael,2024,2025,21.1km,21.1km,True,7241,6672,-569
othman sinah,2024,2025,5km,5km,True,3350,3740,390
ow steven,2024,2025,10km,5km,False,,,
pai ramananda saket,2024,2025,5km,10km,False,,,
pak sing yam,2024,2025,21.1km,21.1km,True,7859,7929,70
panda super,2024,2025,21.1km,21.1km,True,11129,12011,882
pang stephen,2024,2025,15km,21.1km,False,,,
parthasarathy ravi,2024,2025,21.1km,21.1km,True,8442,8196,-246
patrick tan,2024,2025,21.1km,10km,False,,,
paul rellon,2024,2025,21.1km,21.1km,True,8757,9248,491
paul wong,2024,2025,21.1km,21.1km,True,6778,8230,1452
peng tan yin,2024,2025,15km,21.1km,False,,,
percival scott,2024,2025,21.1km,21.1km,True,5790,5731,-59
peter wong,2024,2025,21.1km,21.1km,True,7726,7584,-142
peter wu,2024,2025,21.1km,21.1km,True,10270,7073,-3197
ping zhou,2024,2025,21.1km,21.1km,True,12603,10487,-2116
pinzheng zhang,2024,2025,10km,10km,True,3245,3611,366
poh wanda,2024,2025,15km,15km,True,6629,6826,197
pritchard zane,2024,2025,15km,15km,True,5874,5910,36
qai rul,2024,2025,21.1km,21.1km,True,8002,8055,53
rachaya tatip,2024,2025,3km,5km,False,,,
rachel tan,2024,2025,21.1km,700m Kids,False,,,
rafal rudnicki,2024,2025,21.1km,21.1km,True,10324,9942,-382
raghav singh,2024,2025,10km,10km,True,4530,4822,292
rahim rahman,2024,2025,15km,21.1km,False,,,
rahman rizal,2024,2025,10km,10km,True,5537,4129,-1408
rahul wadhwa,2024,2025,10km,10km,True,4374,5221,847
rajesh sapre,2024,2025,21.1km,21.1km,True,10988,11547,559
ramaswamy veeramony,2024,2025,10km,10km,True,6197,6055,-142
rashi samur,2024,2025,5km,3km,False,,,
ray tan,2024,2025,21.1km,21.1km,True,10531,9536,-995
raymond ting,2024,2025,21.1km,21.1km,True,8733,6951,-1782
raymond toh,2024,2025,21.1km,10km,False,,,
razani sabirah,2024,2025,10km,10km,True,4806,3936,-870
rene wong,2024,2025,10km,10km,True,5590,4197,-1393
renfred tan,2024,2025,10km,15km,False,,,
riard samuel singh,2024,2025,700m Kids,700m Kids,True,3600,420,-3180
rilaini sapari,2024,2025,21.1km,21.1km,True,10422,9238,-1184
roland toh,2024,2025,3km,3km,True,1156,1668,512
ron siow,2024,2025,21.1km,21.1km,True,5796,5946,150
rosana tjiang,2024,2025,21.1km,21.1km,True,8611,7780,-831
roy tay,2024,2025,21.1km,21.1km,True,6635,6565,-70
rudy wong,2024,2025,21.1km,21.1km,True,7166,6621,-545
ryan teo,2024,2025,10km,21.1km,False,,,
ryuji yamada,2024,2025,10km,21.1km,False,,,
sam yeow,2024,2025,15km,10km,False,,,
samsidah samson,2024,2025,21.1km,10km,False,,,
samuel tan,2024,2025,10km,15km,False,,,
samuel tay,2024,2025,10km,10km,True,3940,3782,-158
sandi tan,2024,2025,21.1km,21.1km,True,8500,8492,-8
sarah wan,2024,2025,21.1km,21.1km,True,6741,6770,29
satake shinichi,2024,2025,21.1km,21.1km,True,8045,7142,-903
sathasivam thirunavukkarasu,2024,2025,21.1km,10km,False,,,
saw shing wuan,2024,2025,21.1km,21.1km,True,10140,8775,-1365
saw yone yone,2024,2025,21.1km,21.1km,True,9859,9066,-793
seah selina,2024,2025,21.1km,21.1km,True,11050,9397,-1653
sean weixiang zheng,2024,2025,15km,21.1km,False,,,
seng suan tan,2024,2025,21.1km,21.1km,True,12823,13054,231
serene wong,2024,2025,10km,3km,False,,,
shangar shruthi,2024,2025,5km,10km,False,,,
shariff sufi,2024,2025,21.1km,21.1km,True,6914,6441,-473
shaun tan,2024,2025,10km,15km,False,,,
shawn tan,2024,2025,21.1km,21.1km,True,6439,5930,-509
shen xiaoxiang,2024,2025,10km,10km,True,4062,3821,-241
shinkura takao,2024,2025,21.1km,21.1km,True,9669,8637,-1032
shon wei yang,2024,2025,10km,10km,True,6882,6508,-374
shoun tek yong,2024,2025,21.1km,21.1km,True,7858,7445,-413
shunsuke tomioka,2024,2025,21.1km,21.1km,True,7452,7862,410
si tay xin,2024,2025,10km,10km,True,5707,4632,-1075
siew tan thuan,2024,2025,15km,15km,True,10972,10871,-101
simon wood,2024,2025,10km,21.1km,False,,,
sing wang yee,2024,2025,21.1km,10km,False,,,
song waene,2024,2025,5km,21.1km,False,,,
stefan tan,2024,2025,15km,15km,True,9733,6310,-3423
stella yeo,2024,2025,3km,3km,True,2584,3857,1273
stephen sunderland,2024,2025,21.1km,21.1km,True,7807,6997,-810
steven wong,2024,2025,10km,5km,False,,,
t y yan,2024,2025,21.1km,21.1km,True,7390,7187,-203
tan tommy,2024,2025,21.1km,10km,False,,,
tan valerie,2024,2025,21.1km,21.1km,True,8718,7866,-852
tan yilong,2024,2025,21.1km,21.1km,True,11170,8439,-2731
tang yue,2024,2025,5km,5km,True,1968,2092,124
tatt teoh teong,2024,2025,10km,10km,True,4568,4620,52
tay tricia,2024,2025,5km,10km,False,,,
tee yongnan,2024,2025,21.1km,21.1km,True,8377,9971,1594
teh vincent,2024,2025,5km,5km,True,3603,3447,-156
teo wen zui,2024,2025,21.1km,10km,False,,,
toh victor,2024,2025,21.1km,21.1km,True,9251,7872,-1379
tom wehrum,2024,2025,21.1km,21.1km,True,7712,7392,-320
veron wang,2024,2025,5km,3km,False,,,
wang yimin,2024,2025,21.1km,21.1km,True,6582,7281,699
wang zhe,2024,2025,21.1km,21.1km,True,6437,6510,73
wei wong zhi,2024,2025,21.1km,21.1km,True,8533,7215,-1318
wei zhen,2024,2025,21.1km,10km,False,,,
wissam wissam,2024,2025,21.1km,21.1km,True,7474,8274,800
woon wu yann,2024,2025,21.1km,21.1km,True,9272,9905,633
wu yanping,2024,2025,15km,5km,False,,,
xu zhiyong,2024,2025,21.1km,21.1km,True,9136,7863,-1273
yaxuan zeng,2024,2025,21.1km,21.1km,True,9513,9429,-84
(rand) foo tuck yan,2024,2026,21.1km,21.1km,True,6918,6537,-381
aaron chua,2024,2026,21.1km,21.1km,True,6644,6838,194
aaron tan,2024,2026,21.1km,21.1km,True,8592,7035,-1557
aaron wong,2024,2026,21.1km,10km,False,,,
aarush bhadury,2024,2026,5km,5km,True,2287,3254,967
abdul raimi,2024,2026,21.1km,21.1km,True,8988,8807,-181
abdullah hajar siti,2024,2026,10km,10km,True,3893,4081,188
abdullah sarin,2024,2026,5km,10km,False,,,
abe kazuyuki,2024,2026,21.1km,21.1km,True,8374,8082,-292
abhinav b,2024,2026,21.1km,21.1km,True,8226,10130,1904
abhishek roy,2024,2026,21.1km,21.1km,True,7396,7039,-357
adam elsa,2024,2026,5km,10km,False,,,
adam olivier,2024,2026,5km,10km,False,,,
adele eyu,2024,2026,10km,21.1km,False,,,
adha shaleh,2024,2026,5km,5km,True,2568,2005,-563
adrian heng,2024,2026,21.1km,15km,False,,,
agnes teah,2024,2026,10km,10km,True,4000,4038,38
ahangama badalge terence,2024,2026,10km,21.1km,False,,,
ahwan binte nurbaya siti,2024,2026,5km,5km,True,3200,2466,-734
ai hui nyeow,2024,2026,5km,5km,True,3857,3046,-811
ai jia koh,2024,2026,10km,5km,False,,,
aishah yusof,2024,2026,15km,10km,False,,,
alam jahangir md,2024,2026,21.1km,21.1km,True,13109,7779,-5330
alan ang,2024,2026,21.1km,21.1km,True,7150,6655,-495
albert huat kee tan,2024,2026,10km,10km,True,5966,7018,1052
albos angelue,2024,2026,21.1km,21.1km,True,10191,9422,-769
aldwin benter mark,2024,2026,21.1km,21.1km,True,10343,8086,-2257
alex ghee ong wee,2024,2026,21.1km,21.1km,True,13204,13180,-24
alexander andrew joshua,2024,2026,21.1km,21.1km,True,7622,7180,-442
alexander tan,2024,2026,700m Kids,700m Kids,True,3600,600,-3000
ali bajuri,2024,2026,10km,10km,True,3609,3745,136
aliff syed,2024,2026,21.1km,21.1km,True,9548,8919,-629
alvin chee,2024,2026,21.1km,21.1km,True,7327,7842,515
alvin jie min tan,2024,2026,21.1km,21.1km,True,6396,6602,206
alvin ong,2024,2026,21.1km,10km,False,,,
alvin peh,2024,2026,21.1km,21.1km,True,6623,6175,-448
alycia li ong wen,2024,2026,15km,21.1km,False,,,
amanda pang,2024,2026,15km,10km,False,,,
amandeep singh,2024,2026,15km,21.1km,False,,,
ameya salkar,2024,2026,21.1km,21.1km,True,8906,8202,-704
amos lee,2024,2026,21.1km,21.1km,True,9859,7919,-1940
an liat ong,2024,2026,5km,5km,True,2374,1988,-386
andrade shandee,2024,2026,5km,21.1km,False,,,
andre maniam,2024,2026,21.1km,21.1km,True,10046,10555,509
andrei borsaru,2024,2026,21.1km,10km,False,,,
andrew tan,2024,2026,15km,21.1km,False,,,
andrew wan,2024,2026,10km,10km,True,4504,3786,-718
andy lim,2024,2026,21.1km,21.1km,True,12044,6558,-5486
andy yeo,2024,2026,5km,21.1km,False,,,
ang derek,2024,2026,21.1km,21.1km,True,9155,6704,-2451
ang evelyn,2024,2026,10km,21.1km,False,,,
ang geetat,2024,2026,5km,21.1km,False,,,
ang jason,2024,2026,15km,21.1km,False,,,
ang john,2024,2026,21.1km,21.1km,True,6803,6228,-575
ang julie,2024,2026,10km,10km,True,6882,6666,-216
ang kee kheong,2024,2026,21.1km,21.1km,True,9276,9006,-270
ang kiong kok,2024,2026,21.1km,21.1km,True,7458,6429,-1029
ang kuan tai,2024,2026,21.1km,21.1km,True,7831,7642,-189
ang xin yu,2024,2026,10km,10km,True,3379,3071,-308
ang yong yu,2024,2026,21.1km,21.1km,True,11355,11974,619
angela heng,2024,2026,21.1km,21.1km,True,7993,10518,2525
angeline yong,2024,2026,21.1km,21.1km,True,8528,9189,661
ann kian song,2024,2026,21.1km,21.1km,True,9669,8408,-1261
anthony kinnear,2024,2026,21.1km,10km,False,,,
anthony rajoo,2024,2026,10km,10km,True,3471,3293,-178
april cheong,2024,2026,21.1km,21.1km,True,8958,8309,-649
aravindh kv,2024,2026,21.1km,21.1km,True,9501,8810,-691
arielle low,2024,2026,21.1km,15km,False,,,
arjuna pai ramananda,2024,2026,10km,10km,True,4767,4572,-195
ashleigh doyle,2024,2026,21.1km,21.1km,True,9541,9037,-504
ashwani kumar varun,2024,2026,21.1km,21.1km,True,9389,7828,-1561
audrey see-toh,2024,2026,10km,15km,False,,,
aung lin nay,2024,2026,10km,10km,True,3534,3425,-109
aung phyo thiha,2024,2026,21.1km,21.1km,True,12325,8664,-3661
axel lee,2024,2026,21.1km,21.1km,True,10136,5838,-4298
babagay caramel,2024,2026,15km,21.1km,False,,,
baey edmund,2024,2026,21.1km,21.1km,True,6783,6825,42
baharum bin firdaus muhammad,2024,2026,21.1km,21.1km,True,9789,8817,-972
bai jaron,2024,2026,15km,15km,True,6781,6613,-168
bailey simon,2024,2026,15km,10km,False,,,
ballard michael,2024,2026,21.1km,21.1km,True,9349,8037,-1312
barik ramakanta,2024,2026,10km,10km,True,3597,3393,-204
beaven matthew,2024,2026,10km,21.1km,False,,,
bee eng sim,2024,2026,21.1km,21.1km,True,10252,9201,-1051
bee hong lim,2024,2026,5km,5km,True,3812,2904,-908
bee hui joyce low,2024,2026,10km,10km,True,4703,4276,-427
belina quek,2024,2026,21.1km,21.1km,True,9217,9908,691
ben whisken,2024,2026,21.1km,21.1km,True,7910,8171,261
beng chee ng,2024,2026,21.1km,21.1km,True,5970,5603,-367
beng kok owe,2024,2026,21.1km,21.1km,True,9422,9246,-176
beng kong tan,2024,2026,21.1km,21.1km,True,9827,8857,-970
beng teck ting,2024,2026,21.1km,21.1km,True,9408,8360,-1048
benjamin lee,2024,2026,21.1km,21.1km,True,6311,10349,4038
benjamin long,2024,2026,21.1km,21.1km,True,7098,6643,-455
benjamin wang,2024,2026,21.1km,21.1km,True,6964,5959,-1005
benjamin yeong,2024,2026,10km,21.1km,False,,,
bernard oh,2024,2026,21.1km,21.1km,True,8774,8673,-101
bertram timo,2024,2026,10km,15km,False,,,
bin hassan muhammad razis,2024,2026,15km,10km,False,,,
bin ho hwee,2024,2026,21.1km,10km,False,,,
bin mohamad muhammad razali saad,2024,2026,21.1km,21.1km,True,10280,7516,-2764
bin mohammed rosidi rozaiman,2024,2026,21.1km,21.1km,True,8303,7106,-1197
binte fildza irdina jeffery,2024,2026,15km,21.1km,False,,,
boaz wibowo,2024,2026,21.1km,21.1km,True,7262,7386,124
boling charmiane han,2024,2026,5km,3km,False,,,
boon chee pua,2024,2026,21.1km,21.1km,True,8049,7361,-688
boon cheong poh,2024,2026,15km,21.1km,False,,,
boon chin low,2024,2026,10km,10km,True,4971,5564,593
boon hock lim,2024,2026,21.1km,21.1km,True,9688,9238,-450
boon hui koh,2024,2026,10km,10km,True,4164,4562,398
boon keng lim,2024,2026,10km,21.1km,False,,,
boon keng ng,2024,2026,21.1km,21.1km,True,9024,8141,-883
boon ng piau steve,2024,2026,15km,10km,False,,,
bradley soh,2024,2026,21.1km,21.1km,True,5898,5434,-464
brandon zheng,2024,2026,21.1km,21.1km,True,7857,8024,167
bren fernandez,2024,2026,5km,15km,False,,,
brenda li,2024,2026,15km,10km,False,,,
brian koo,2024,2026,21.1km,21.1km,True,11049,8058,-2991
brian pek,2024,2026,15km,21.1km,False,,,
brudermann urs,2024,2026,21.1km,21.1km,True,6985,7635,650
bryan chua,2024,2026,5km,21.1km,False,,,
bryan lee,2024,2026,21.1km,3km,False,,,
bte hashim munirah sharifah syed,2024,2026,15km,21.1km,False,,,
bulosan paulo,2024,2026,10km,10km,True,5228,4943,-285
c sarah,2024,2026,3km,3km,True,2404,1840,-564
cai cijun,2024,2026,15km,21.1km,False,,,
cao jun ming,2024,2026,21.1km,21.1km,True,7496,7685,189
cao tan thiet,2024,2026,5km,10km,False,,,
carina poh,2024,2026,10km,10km,True,5330,5507,177
carol gaffney,2024,2026,21.1km,21.1km,True,6560,6464,-96
cason goh,2024,2026,21.1km,21.1km,True,10504,11431,927
celis katrine,2024,2026,15km,10km,False,,,
celis ricardo,2024,2026,15km,10km,False,,,
cha wan yin,2024,2026,21.1km,21.1km,True,8825,7496,-1329
chai chi kean,2024,2026,21.1km,21.1km,True,6558,8038,1480
chai lee yong,2024,2026,5km,5km,True,3014,2593,-421
chai pauline,2024,2026,10km,21.1km,False,,,
cham cindy,2024,2026,10km,15km,False,,,
chan chong wah,2024,2026,21.1km,21.1km,True,6871,6815,-56
chan feei wen,2024,2026,10km,10km,True,4705,4214,-491
chan geck keat,2024,2026,10km,10km,True,6091,6045,-46
chan guan peng,2024,2026,10km,10km,True,5569,5205,-364
chan howe kian,2024,2026,21.1km,10km,False,,,
chan jacqui,2024,2026,5km,5km,True,3270,2315,-955
chan jonathan,2024,2026,21.1km,21.1km,True,7159,6677,-482
chan nyein soe,2024,2026,10km,21.1km,False,,,
chan serene,2024,2026,21.1km,21.1km,True,7441,6963,-478
chan teck yeow,2024,2026,15km,21.1km,False,,,
chan tommy,2024,2026,21.1km,21.1km,True,7778,7563,-215
chan zy,2024,2026,5km,5km,True,2801,2241,-560
chandan jaiswal mohan,2024,2026,21.1km,21.1km,True,9556,9976,420
chandur mahtani,2024,2026,21.1km,21.1km,True,7701,6587,-1114
chang esther,2024,2026,21.1km,15km,False,,,
chang hong yi,2024,2026,10km,15km,False,,,
chang justin,2024,2026,5km,10km,False,,,
chang max,2024,2026,10km,10km,True,4755,4924,169
chang michael,2024,2026,10km,5km,False,,,
chaokhon tan,2024,2026,21.1km,21.1km,True,10953,9352,-1601
charlie koh,2024,2026,15km,10km,False,,,
charlotte kalyani koduru,2024,2026,10km,5km,False,,,
chay joe,2024,2026,10km,21.1km,False,,,
chee chong low,2024,2026,21.1km,21.1km,True,10407,10278,-129
chee chye ong,2024,2026,21.1km,21.1km,True,10717,8666,-2051
chee hong ng,2024,2026,21.1km,21.1km,True,5403,5233,-170
chee keith neo wei,2024,2026,21.1km,10km,False,,,
chee keong sng,2024,2026,21.1km,21.1km,True,10873,10608,-265
chee kian yeo,2024,2026,15km,21.1km,False,,,
chee meng wong,2024,2026,15km,21.1km,False,,,
chee ming quan,2024,2026,21.1km,21.1km,True,8037,8321,284
chen cindy,2024,2026,10km,21.1km,False,,,
chen feng guan,2024,2026,10km,10km,True,3771,3847,76
chen jinquan,2024,2026,10km,10km,True,3345,3043,-302
chen ria,2024,2026,15km,5km,False,,,
chen weiquan,2024,2026,15km,10km,False,,,
chen yi,2024,2026,10km,5km,False,,,
cheng fong mui,2024,2026,15km,15km,True,6453,5595,-858
cheng isabell,2024,2026,5km,5km,True,2207,1927,-280
cheok samuel,2024,2026,21.1km,21.1km,True,8118,5087,-3031
cheong kam wan,2024,2026,21.1km,21.1km,True,7863,7651,-212
cheong kian tan,2024,2026,21.1km,21.1km,True,7774,7325,-449
cheong sebastian,2024,2026,21.1km,21.1km,True,6433,6265,-168
cheow chow eng,2024,2026,21.1km,21.1km,True,11135,10912,-223
cher terence,2024,2026,5km,5km,True,1912,1482,-430
cherie lim,2024,2026,21.1km,21.1km,True,9193,8483,-710
cherie tan,2024,2026,15km,21.1km,False,,,
cheryl goh,2024,2026,21.1km,5km,False,,,
chew chiak keng,2024,2026,21.1km,21.1km,True,8035,8241,206
chew ee jia,2024,2026,21.1km,21.1km,True,7456,7036,-420
chew heng yi,2024,2026,5km,10km,False,,,
chew jie wei,2024,2026,10km,21.1km,False,,,
chew jolene,2024,2026,21.1km,10km,False,,,
chew priscilla,2024,2026,21.1km,21.1km,True,6971,7055,84
chi chong woon,2024,2026,21.1km,21.1km,True,12056,10268,-1788
chi ma,2024,2026,21.1km,21.1km,True,9398,8172,-1226
chia chiang tan,2024,2026,10km,5km,False,,,
chia corrinne,2024,2026,10km,10km,True,5237,4689,-548
chia jiangyun,2024,2026,5km,5km,True,2704,2414,-290
chia khee yong,2024,2026,3km,3km,True,2074,1978,-96
chia khing swee,2024,2026,21.1km,21.1km,True,9423,9127,-296
chiam soon tat,2024,2026,5km,5km,True,2444,1929,-515
chien chin sung,2024,2026,10km,5km,False,,,
chien ee khoo,2024,2026,10km,10km,True,5325,5044,-281
chieu luu,2024,2026,21.1km,21.1km,True,10252,11053,801
chiew joel,2024,2026,15km,10km,False,,,
chiew lim tuck,2024,2026,21.1km,21.1km,True,9270,9475,205
chih huang jen,2024,2026,21.1km,21.1km,True,6236,5844,-392
chin cj,2024,2026,15km,21.1km,False,,,
chin goh yee,2024,2026,21.1km,21.1km,True,10230,10116,-114
chin hang yap,2024,2026,21.1km,21.1km,True,10868,8291,-2577
chin lawrence,2024,2026,10km,15km,False,,,
chin lee ser,2024,2026,21.1km,21.1km,True,7192,8658,1466
chin onn teck,2024,2026,3km,3km,True,1141,2083,942
ching lim minerva shu,2024,2026,5km,5km,True,2683,2510,-173
chit fu yaw,2024,2026,15km,15km,True,3033,5564,2531
chiu lin wei,2024,2026,21.1km,21.1km,True,9057,9025,-32
chloe koh,2024,2026,10km,10km,True,3976,3365,-611
chloe ng,2024,2026,10km,5km,False,,,
chng sherine,2024,2026,15km,10km,False,,,
cho wee yen,2024,2026,21.1km,21.1km,True,9690,9661,-29
choke seng teo,2024,2026,21.1km,21.1km,True,12085,9790,-2295
chong ho kang,2024,2026,10km,10km,True,5326,4584,-742
chong jia yu,2024,2026,5km,10km,False,,,
chong lim seng,2024,2026,15km,21.1km,False,,,
chong ming shan,2024,2026,21.1km,10km,False,,,
chong robin,2024,2026,10km,10km,True,5362,4442,-920
choo desmond,2024,2026,21.1km,21.1km,True,10565,8826,-1739
choon hwa wan,2024,2026,21.1km,15km,False,,,
choon lim thiam,2024,2026,5km,5km,True,2625,2387,-238
chopard jacqueline,2024,2026,5km,5km,True,3825,3638,-187
chor seng tan,2024,2026,10km,10km,True,2946,2889,-57
chow edwin,2024,2026,15km,21.1km,False,,,
chow li wei,2024,2026,5km,5km,True,2923,2231,-692
chris suter,2024,2026,10km,10km,True,3637,3473,-164
chris tran,2024,2026,15km,5km,False,,,
christina leo,2024,2026,10km,10km,True,3636,3630,-6
christopher khoo,2024,2026,700m Kids,700m Kids,True,3600,600,-3000
chu eva,2024,2026,10km,10km,True,4593,4386,-207
chua eileen,2024,2026,21.1km,21.1km,True,8873,8143,-730
chua eugene,2024,2026,21.1km,21.1km,True,7778,6817,-961
chua gian shyh,2024,2026,21.1km,21.1km,True,11908,9530,-2378
chua hwa shang,2024,2026,21.1km,21.1km,True,6395,6753,358
chua john,2024,2026,21.1km,21.1km,True,9236,8878,-358
chua joshua,2024,2026,700m Kids,700m Kids,True,3600,600,-3000
chua nathan,2024,2026,700m Kids,700m Kids,True,3600,600,-3000
chua siang tong,2024,2026,10km,21.1km,False,,,
chuan foo jian,2024,2026,21.1km,21.1km,True,7005,6719,-286
chuan hock yeo,2024,2026,21.1km,21.1km,True,10232,10116,-116
chuan kai ong,2024,2026,10km,10km,True,3901,3781,-120
chuan ng wee,2024,2026,21.1km,21.1km,True,6702,5953,-749
chue guo xian,2024,2026,10km,15km,False,,,
chui malcolm,2024,2026,21.1km,21.1km,True,14331,11611,-2720
chun chung yan,2024,2026,700m Kids,700m Kids,True,3600,600,-3000
chun chung yee,2024,2026,3km,3km,True,1526,1692,166
chung joey,2024,2026,10km,10km,True,5178,4664,-514
chwee peng tay,2024,2026,5km,5km,True,3251,2823,-428
chyaun kiang soon,2024,2026,15km,10km,False,,,
ck poh,2024,2026,10km,21.1km,False,,,
classnitz franz,2024,2026,21.1km,21.1km,True,7055,5524,-1531
clifton teo,2024,2026,21.1km,15km,False,,,
clouston keith,2024,2026,3km,3km,True,1580,1584,4
colin lim,2024,2026,10km,10km,True,3698,4748,1050
corona dheil,2024,2026,21.1km,21.1km,True,9592,8824,-768
cui li lin,2024,2026,21.1km,21.1km,True,8561,8928,367
cynthia lim,2024,2026,10km,10km,True,4401,4067,-334
cynthia teo,2024,2026,21.1km,21.1km,True,9267,9827,560
dabell jim,2024,2026,21.1km,21.1km,True,7980,8178,198
dang nguyen thao,2024,2026,10km,10km,True,4715,3875,-840
darren tan,2024,2026,21.1km,21.1km,True,6931,6785,-146
david lim,2024,2026,5km,10km,False,,,
david yapp,2024,2026,10km,21.1km,False,,,
dawei zhang,2024,2026,21.1km,21.1km,True,6956,6112,-844
de jean meerleer pierre sanchez,2024,2026,15km,15km,True,4479,4452,-27
debbie peck,2024,2026,15km,10km,False,,,
deborah wong,2024,2026,3km,5km,False,,,
deng ming oh,2024,2026,10km,5km,False,,,
derek h,2024,2026,21.1km,21.1km,True,6535,6019,-516
derran goh,2024,2026,21.1km,21.1km,True,9589,9041,-548
desmond peck,2024,2026,10km,10km,True,4277,3489,-788
desmond tan,2024,2026,5km,5km,True,1750,2416,666
desmond zheng,2024,2026,21.1km,21.1km,True,6113,6171,58
dewaine lee,2024,2026,15km,10km,False,,,
dhananjay jadhav,2024,2026,21.1km,21.1km,True,7294,6826,-468
dhannoncelles philippe,2024,2026,21.1km,10km,False,,,
diana tan,2024,2026,10km,21.1km,False,,,
dina valdez,2024,2026,10km,21.1km,False,,,
ding lei,2024,2026,21.1km,21.1km,True,5458,5214,-244
dong jianheng,2024,2026,10km,21.1km,False,,,
dong law woei,2024,2026,21.1km,21.1km,True,7637,8034,397
doreleijers frank,2024,2026,21.1km,21.1km,True,8300,8606,306
doris mou,2024,2026,5km,5km,True,4569,3097,-1472
duong roger,2024,2026,21.1km,21.1km,True,7042,7751,709
edmund koh,2024,2026,10km,10km,True,4711,4870,159
edmund lim,2024,2026,21.1km,21.1km,True,7772,8108,336
edwin tay,2024,2026,10km,10km,True,4058,5565,1507
edwin tiong,2024,2026,21.1km,21.1km,True,7243,7473,230
ee ern tan,2024,2026,21.1km,10km,False,,,
ee fei fei,2024,2026,5km,5km,True,2540,2164,-376
ee kim lock,2024,2026,21.1km,21.1km,True,9193,8247,-946
ee samuel,2024,2026,10km,21.1km,False,,,
ek jin siau,2024,2026,5km,5km,True,3968,2304,-1664
elena pertegaz,2024,2026,15km,15km,True,5825,5138,-687
elliot lee,2024,2026,21.1km,15km,False,,,
emilia thien,2024,2026,21.1km,21.1km,True,8642,7659,-983
emily low,2024,2026,10km,3km,False,,,
emmanuel soh winson,2024,2026,10km,21.1km,False,,,
en leong ming,2024,2026,21.1km,21.1km,True,10522,10543,21
eng khng koon,2024,2026,21.1km,21.1km,True,6984,5816,-1168
eng khor sheng,2024,2026,15km,21.1km,False,,,
eng new say,2024,2026,21.1km,21.1km,True,8985,8810,-175
eng tian ying,2024,2026,21.1km,21.1km,True,7653,8171,518
eng way yeo,2024,2026,21.1km,21.1km,True,7384,7649,265
er hao wen,2024,2026,5km,5km,True,3968,2975,-993
eric ng,2024,2026,5km,10km,False,,,
esme low,2024,2026,15km,10km,False,,,
estaniel estella,2024,2026,21.1km,21.1km,True,6721,7298,577
ethelreda villavieja,2024,2026,10km,10km,True,4952,5937,985
eugene yee,2024,2026,21.1km,15km,False,,,
ezra sim,2024,2026,5km,10km,False,,,
fai kia loh,2024,2026,15km,15km,True,6293,6594,301
fang pin teo,2024,2026,21.1km,21.1km,True,9579,8509,-1070
felix koh,2024,2026,10km,10km,True,4380,4275,-105
feng wei,2024,2026,21.1km,5km,False,,,
florence ng,2024,2026,3km,5km,False,,,
fong loo low,2024,2026,21.1km,10km,False,,,
fong wai yip,2024,2026,10km,21.1km,False,,,
foo jong tong,2024,2026,21.1km,21.1km,True,6846,6585,-261
foo kee leong,2024,2026,10km,5km,False,,,
foo matthew,2024,2026,15km,21.1km,False,,,
foo shan yan,2024,2026,10km,10km,True,4741,4646,-95
foo shi yun,2024,2026,10km,10km,True,4594,4996,402
fook keong loo,2024,2026,21.1km,21.1km,True,7981,6903,-1078
foong mun wong,2024,2026,10km,10km,True,7396,4240,-3156
francis ho,2024,2026,21.1km,21.1km,True,6888,9386,2498
freda kwa,2024,2026,5km,5km,True,2920,2009,-911
fu ong ying,2024,2026,21.1km,21.1km,True,6009,9174,3165
gabriel lim,2024,2026,10km,21.1km,False,,,
gabriel yap,2024,2026,21.1km,10km,False,,,
galetti tanja,2024,2026,15km,21.1km,False,,,
gan joyce,2024,2026,5km,10km,False,,,
gan koon yit,2024,2026,10km,10km,True,4102,4248,146
gee lee wei,2024,2026,5km,5km,True,2646,2233,-413
gideon ren,2024,2026,21.1km,21.1km,True,7708,6668,-1040
gjay martinez,2024,2026,3km,15km,False,,,
goel nidhi,2024,2026,21.1km,21.1km,True,9483,9151,-332
goh gordon,2024,2026,5km,15km,False,,,
goh meei yunn,2024,2026,10km,10km,True,5325,4584,-741
goh patricia,2024,2026,3km,5km,False,,,
goh raymond,2024,2026,3km,21.1km,False,,,
gordon hong,2024,2026,10km,10km,True,3728,3642,-86
graeme oei,2024,2026,21.1km,21.1km,True,9489,9204,-285
grimault vincent,2024,2026,10km,21.1km,False,,,
guan leong lim,2024,2026,21.1km,10km,False,,,
guan liong ong,2024,2026,21.1km,15km,False,,,
guo yongqiang,2024,2026,10km,21.1km,False,,,
guohao su,2024,2026,21.1km,15km,False,,,
h pang,2024,2026,21.1km,21.1km,True,8021,10330,2309
haberstumpf pia,2024,2026,21.1km,21.1km,True,6965,6536,-429
hai hock tay,2024,2026,10km,5km,False,,,
han jene ong,2024,2026,700m Kids,700m Kids,True,3600,600,-3000
han shi tay,2024,2026,10km,21.1km,False,,,
hao huiqi,2024,2026,21.1km,21.1km,True,10251,8836,-1415
hao shengwei,2024,2026,15km,21.1km,False,,,
harrison kristina,2024,2026,21.1km,21.1km,True,7631,7772,141
harun or rashid,2024,2026,15km,21.1km,False,,,
hau song wong,2024,2026,21.1km,21.1km,True,7221,7769,548
haylee ong,2024,2026,10km,5km,False,,,
heah minyi,2024,2026,21.1km,10km,False,,,
heng hiang mor,2024,2026,21.1km,21.1km,True,9064,9250,186
heng kevin,2024,2026,21.1km,21.1km,True,10328,9921,-407
heng kiew yi,2024,2026,21.1km,21.1km,True,5368,5482,114
henry setiono,2024,2026,21.1km,21.1km,True,8614,6921,-1693
heo teresa,2024,2026,3km,3km,True,1586,1657,71
hia jie wei,2024,2026,21.1km,21.1km,True,4875,4995,120
hiang joo tan,2024,2026,21.1km,21.1km,True,9943,9197,-746
hidayat jaffaludinsha,2024,2026,21.1km,21.1km,True,7749,5818,-1931
himanshu upadhyaya,2024,2026,21.1km,21.1km,True,10921,7388,-3533
hin lim soon,2024,2026,10km,10km,True,4834,5418,584
hiong low miaw,2024,2026,5km,5km,True,3758,3382,-376
hiroyuki takashima,2024,2026,10km,21.1km,False,,,
ho hoe kee,2024,2026,3km,3km,True,1624,1705,81
hoat than van,2024,2026,10km,15km,False,,,
hock tan tick,2024,2026,21.1km,21.1km,True,11119,11527,408
hoe michael,2024,2026,21.1km,21.1km,True,9104,6864,-2240
hoe nathaniel,2024,2026,10km,21.1km,False,,,
hon lee wai,2024,2026,21.1km,21.1km,True,9701,9115,-586
hon loke wah,2024,2026,21.1km,21.1km,True,8356,7858,-498
hong hui siow,2024,2026,21.1km,21.1km,True,9025,8456,-569
hong josiah,2024,2026,21.1km,21.1km,True,6270,5629,-641
hong kwei yong,2024,2026,5km,5km,True,2868,2559,-309
hong yeo yi,2024,2026,5km,10km,False,,,
hopkins jonathon,2024,2026,10km,21.1km,False,,,
hou phillip,2024,2026,21.1km,21.1km,True,7647,7406,-241
hou shiying,2024,2026,21.1km,21.1km,True,7533,7496,-37
howe raymond,2024,2026,21.1km,21.1km,True,11389,11803,414
hu manfei,2024,2026,10km,10km,True,4548,5633,1085
hua tang wee,2024,2026,10km,10km,True,4083,3070,-1013
huang melvin,2024,2026,21.1km,10km,False,,,
huang shengye,2024,2026,10km,10km,True,4831,4202,-629
huang terry,2024,2026,21.1km,21.1km,True,9571,8803,-768
huey jee ong,2024,2026,21.1km,21.1km,True,6996,5975,-1021
hui jia liew,2024,2026,5km,10km,False,,,
hui jie yaw,2024,2026,21.1km,21.1km,True,9220,7546,-1674
hui jing wong,2024,2026,10km,10km,True,5378,4255,-1123
huiying tan,2024,2026,5km,5km,True,2764,3004,240
hwee lim wong,2024,2026,21.1km,21.1km,True,7680,7782,102
iana kostetskaia,2024,2026,10km,21.1km,False,,,
irwin loo,2024,2026,15km,21.1km,False,,,
ivan tan,2024,2026,5km,10km,False,,,
jaffar jamaludin,2024,2026,15km,21.1km,False,,,
jain pramit,2024,2026,21.1km,21.1km,True,9651,9142,-509
james koh,2024,2026,5km,10km,False,,,
jane moh,2024,2026,5km,5km,True,3808,2903,-905
jasmine lee,2024,2026,5km,21.1km,False,,,
jasper tan,2024,2026,21.1km,21.1km,True,5218,5033,-185
jeffery lim,2024,2026,21.1km,21.1km,True,9262,9432,170
jenssen lee,2024,2026,21.1km,21.1km,True,5995,7570,1575
jer neo ruey,2024,2026,10km,15km,False,,,
jess zheng,2024,2026,21.1km,21.1km,True,12328,8035,-4293
jethro wong,2024,2026,21.1km,21.1km,True,7061,6461,-600
jezekiel samson,2024,2026,21.1km,21.1km,True,8036,7050,-986
jia rong wong,2024,2026,21.1km,10km,False,,,
jia tan wei,2024,2026,10km,15km,False,,,
jia woo yu,2024,2026,21.1km,21.1km,True,7605,6702,-903
jiateng tang,2024,2026,21.1km,21.1km,True,6193,6684,491
jiaxin yu,2024,2026,3km,5km,False,,,
jie jun kwan,2024,2026,15km,21.1km,False,,,
jie kai teo,2024,2026,21.1km,21.1km,True,6742,9146,2404
jie koh min,2024,2026,5km,21.1km,False,,,
jie lee wei,2024,2026,21.1km,21.1km,True,11289,6130,-5159
jie lim zi,2024,2026,21.1km,21.1km,True,6557,6211,-346
jill lim,2024,2026,21.1km,21.1km,True,6846,6232,-614
jin jin tan,2024,2026,5km,5km,True,3669,3617,-52
jin lee,2024,2026,21.1km,10km,False,,,
jin shi toh,2024,2026,5km,10km,False,,,
jing lee,2024,2026,21.1km,10km,False,,,
jing lim yang,2024,2026,21.1km,21.1km,True,11256,9646,-1610
jing lok yan,2024,2026,21.1km,21.1km,True,7002,5931,-1071
jing nicolette yee yip,2024,2026,5km,5km,True,1383,1976,593
jinny lu,2024,2026,15km,10km,False,,,
jk kang,2024,2026,21.1km,21.1km,True,7925,7461,-464
joanna ong,2024,2026,21.1km,10km,False,,,
joe lim,2024,2026,15km,21.1km,False,,,
joey poh,2024,2026,10km,5km,False,,,
john koh,2024,2026,10km,15km,False,,,
john yates,2024,2026,21.1km,10km,False,,,
john yeong,2024,2026,21.1km,10km,False,,,
johnnie tay,2024,2026,21.1km,21.1km,True,9105,9124,19
jonas lee,2024,2026,700m Kids,700m Kids,True,3600,600,-3000
jordan true-tobiasz,2024,2026,700m Kids,700m Kids,True,3600,600,-3000
jose manuel ventajar,2024,2026,21.1km,21.1km,True,7344,7049,-295
joseph koh,2024,2026,10km,15km,False,,,
joseph tang,2024,2026,21.1km,21.1km,True,7926,7076,-850
joshua ng,2024,2026,10km,10km,True,4617,4921,304
jouwena pamela,2024,2026,15km,10km,False,,,
jovan lye,2024,2026,5km,5km,True,2608,2295,-313
joy lai,2024,2026,21.1km,10km,False,,,
joy quek,2024,2026,5km,5km,True,2801,2242,-559
juay pauline,2024,2026,5km,5km,True,4320,3402,-918
julia leong,2024,2026,21.1km,21.1km,True,10190,6738,-3452
jun kwok xiang,2024,2026,5km,10km,False,,,
junhong lester lin,2024,2026,10km,10km,True,5565,5203,-362
justin liaw,2024,2026,21.1km,21.1km,True,9685,8447,-1238
justina zeng,2024,2026,21.1km,21.1km,True,7169,6750,-419
kai kelvin ming ng,2024,2026,10km,3km,False,,,
kai yen,2024,2026,21.1km,21.1km,True,9449,9802,353
kalaichelvan ramachandran,2024,2026,21.1km,21.1km,True,7201,6828,-373
kalidasan shanmugam,2024,2026,10km,10km,True,4284,4036,-248
kanayama shingo,2024,2026,10km,10km,True,3947,3840,-107
kang kim tan,2024,2026,3km,5km,False,,,
kang toh wei,2024,2026,5km,5km,True,3075,2975,-100
kanishk kanoria,2024,2026,21.1km,21.1km,True,11593,10574,-1019
karen lee pin sin,2024,2026,5km,5km,True,2857,2577,-280
katherine lim,2024,2026,15km,21.1km,False,,,
kaung khant kyaw,2024,2026,10km,21.1km,False,,,
kaur manpreet,2024,2026,5km,5km,True,3240,2453,-787
kaushal kunalan,2024,2026,10km,10km,True,3682,3580,-102
keat lau seng,2024,2026,10km,10km,True,4124,3928,-196
kee koh wui,2024,2026,3km,5km,False,,,
kelly nguyen,2024,2026,10km,15km,False,,,
kelvin low,2024,2026,21.1km,21.1km,True,10868,10520,-348
ken looi,2024,2026,21.1km,21.1km,True,9376,8156,-1220
ken tan,2024,2026,10km,21.1km,False,,,
ken wong,2024,2026,10km,21.1km,False,,,
keng li wong,2024,2026,10km,10km,True,4214,3550,-664
kennard lim,2024,2026,21.1km,21.1km,True,8612,7820,-792
kenneth koh,2024,2026,3km,10km,False,,,
kenneth kwok,2024,2026,5km,21.1km,False,,,
kenneth liew,2024,2026,10km,21.1km,False,,,
keong yoke yong,2024,2026,21.1km,21.1km,True,9756,8191,-1565
keru li,2024,2026,21.1km,21.1km,True,5787,7707,1920
kevin koh,2024,2026,15km,3km,False,,,
kevin lee,2024,2026,5km,21.1km,False,,,
khiank swee yeo,2024,2026,21.1km,21.1km,True,8008,7403,-605
khim lee yong,2024,2026,21.1km,21.1km,True,6282,8658,2376
khor ray,2024,2026,21.1km,21.1km,True,8783,6752,-2031
kian soon yong,2024,2026,21.1km,21.1km,True,6703,7131,428
kim king zeon,2024,2026,21.1km,21.1km,True,8092,7686,-406
kim leong wah,2024,2026,10km,21.1km,False,,,
kim minjae,2024,2026,10km,10km,True,3409,3535,126
kim sangyoon,2024,2026,21.1km,21.1km,True,6543,5866,-677
kim souvan,2024,2026,21.1km,21.1km,True,7546,7436,-110
kiran olla prabhu,2024,2026,5km,5km,True,2803,2447,-356
ko ko wynn,2024,2026,21.1km,21.1km,True,12352,11468,-884
ko siang swee,2024,2026,21.1km,21.1km,True,8429,7548,-881
ko xiaozheng,2024,2026,21.1km,10km,False,,,
koh lawrence,2024,2026,21.1km,21.1km,True,7664,7325,-339
koh leroy,2024,2026,10km,15km,False,,,
koh mui thong,2024,2026,21.1km,21.1km,True,14120,12903,-1217
koh norman,2024,2026,15km,21.1km,False,,,
koh sebastian,2024,2026,21.1km,21.1km,True,6640,6807,167
kok lai tay,2024,2026,10km,10km,True,6536,6515,-21
kok leong ng,2024,2026,21.1km,21.1km,True,9147,8748,-399
kok xiang zhi,2024,2026,5km,10km,False,,,
kok-chye ong,2024,2026,21.1km,21.1km,True,9588,8765,-823
kolesow sonia,2024,2026,10km,10km,True,5282,5639,357
kom zhixin,2024,2026,21.1km,10km,False,,,
koon seng tew,2024,2026,10km,10km,True,4055,3761,-294
korrapati murali,2024,2026,21.1km,21.1km,True,7650,7526,-124
koyama takayuki,2024,2026,21.1km,21.1km,True,6671,6743,72
kuang puah,2024,2026,21.1km,21.1km,True,10962,11294,332
kuck pin shaw,2024,2026,21.1km,21.1km,True,7012,8502,1490
kun soh zhi,2024,2026,21.1km,21.1km,True,8944,9123,179
kwang san yoke,2024,2026,10km,10km,True,6067,5930,-137
lai sung wong,2024,2026,21.1km,21.1km,True,9404,9103,-301
lai toong wah,2024,2026,21.1km,21.1km,True,9301,10001,700
lam shannon,2024,2026,15km,10km,False,,,
lau leon,2024,2026,10km,21.1km,False,,,
lau shaun,2024,2026,10km,10km,True,3693,3494,-199
law lowell,2024,2026,5km,10km,False,,,
lay teo tin,2024,2026,21.1km,21.1km,True,8107,8694,587
lee louis,2024,2026,21.1km,3km,False,,,
lee ming yao,2024,2026,10km,10km,True,4869,4622,-247
lee ng tong,2024,2026,10km,10km,True,4772,4520,-252
lee pamela,2024,2026,15km,10km,False,,,
lee qin zhen,2024,2026,21.1km,10km,False,,,
lee rachel,2024,2026,15km,21.1km,False,,,
lee ron,2024,2026,21.1km,21.1km,True,9112,7439,-1673
lee samuel,2024,2026,21.1km,5km,False,,,
lee tan tong,2024,2026,21.1km,15km,False,,,
lee terence,2024,2026,10km,21.1km,False,,,
lee u-wen,2024,2026,10km,15km,False,,,
lee vicky,2024,2026,5km,21.1km,False,,,
lee xueni,2024,2026,10km,21.1km,False,,,
lee zann,2024,2026,21.1km,21.1km,True,8864,7963,-901
leng siok yeo,2024,2026,15km,15km,True,7220,7643,423
lengchuan pua,2024,2026,10km,15km,False,,,
leong michael,2024,2026,21.1km,10km,False,,,
leong peng wai,2024,2026,21.1km,10km,False,,,
leong tony,2024,2026,3km,3km,True,1586,1656,70
lewis wong,2024,2026,10km,21.1km,False,,,
li lian wang,2024,2026,10km,10km,True,5720,5478,-242
li loh xuan,2024,2026,21.1km,21.1km,True,10867,10915,48
li ross,2024,2026,5km,15km,False,,,
li xiaolong,2024,2026,21.1km,21.1km,True,8329,7373,-956
liang tenh wei,2024,2026,21.1km,21.1km,True,7049,5952,-1097
liang wei zhi,2024,2026,21.1km,21.1km,True,9598,6175,-3423
liau seng wah,2024,2026,21.1km,21.1km,True,6434,5804,-630
licheng ng,2024,2026,21.1km,21.1km,True,8744,8193,-551
lifeng zhou,2024,2026,10km,10km,True,4766,4687,-79
lim linda,2024,2026,10km,21.1km,False,,,
lim luke,2024,2026,700m Kids,21.1km,False,,,
lim ronnie,2024,2026,10km,10km,True,3962,3482,-480
lim seng wei,2024,2026,10km,10km,True,4680,4772,92
lim shannon,2024,2026,10km,5km,False,,,
lim zack,2024,2026,21.1km,21.1km,True,6842,7679,837
lin lionel,2024,2026,10km,5km,False,,,
lin yeo zheng,2024,2026,21.1km,21.1km,True,9279,8288,-991
lin zhou,2024,2026,10km,5km,False,,,
lincoln tay,2024,2026,21.1km,21.1km,True,12307,9410,-2897
ling ling teh,2024,2026,5km,5km,True,3261,2800,-461
liu wencai,2024,2026,10km,10km,True,5125,4925,-200
liu zhaohui,2024,2026,21.1km,21.1km,True,8680,8864,184
liying zhu,2024,2026,3km,3km,True,2406,1839,-567
lobas n,2024,2026,10km,21.1km,False,,,
lora lyu,2024,2026,5km,5km,True,3299,3337,38
louis micheal,2024,2026,10km,10km,True,3914,3508,-406
low ming yang,2024,2026,10km,10km,True,4400,4578,178
lu wei xin,2024,2026,5km,5km,True,4041,2350,-1691
luke tan,2024,2026,700m Kids,700m Kids,True,3600,600,-3000
lye teo tian,2024,2026,21.1km,21.1km,True,7632,7444,-188
lynn yeo,2024,2026,21.1km,21.1km,True,6713,10418,3705
m tom,2024,2026,10km,10km,True,3790,4040,250
mabel tan,2024,2026,15km,10km,False,,,
mabel tay,2024,2026,5km,15km,False,,,
macan-markar mohamed,2024,2026,10km,21.1km,False,,,
majella woo,2024,2026,5km,10km,False,,,
makoto nagakoshi,2024,2026,21.1km,21.1km,True,6675,6428,-247
manish sridhar,2024,2026,10km,10km,True,3758,3519,-239
marjorie nillasca,2024,2026,10km,21.1km,False,,,
martinez nicholas zachary,2024,2026,3km,15km,False,,,
marzan oanes,2024,2026,10km,21.1km,False,,,
maslim reinaldo,2024,2026,10km,10km,True,4064,4453,389
mathilda sng,2024,2026,21.1km,21.1km,True,7900,8438,538
mathur saurabh,2024,2026,10km,10km,True,4699,4591,-108
mattscherodt thomas,2024,2026,10km,5km,False,,,
max teo,2024,2026,21.1km,21.1km,True,8557,8292,-265
may wan,2024,2026,15km,10km,False,,,
mcloughlin neil,2024,2026,21.1km,10km,False,,,
melissa tan,2024,2026,21.1km,21.1km,True,6963,6731,-232
mi shougang,2024,2026,21.1km,21.1km,True,7305,7194,-111
michael tu,2024,2026,21.1km,21.1km,True,7930,7947,17
michele yoon,2024,2026,15km,21.1km,False,,,
michelle tan,2024,2026,5km,5km,True,3350,2555,-795
michihito oshima,2024,2026,21.1km,21.1km,True,7746,7667,-79
mikaela ong wen ya,2024,2026,5km,5km,True,2968,2694,-274
ming wong yao,2024,2026,21.1km,21.1km,True,8491,6863,-1628
moon ng,2024,2026,15km,10km,False,,,
morgan sue,2024,2026,10km,10km,True,4437,4345,-92
murugesan vignesh,2024,2026,21.1km,21.1km,True,7726,10317,2591
myint oo u,2024,2026,5km,5km,True,2304,2059,-245
nan wong xiao,2024,2026,10km,10km,True,3050,2429,-621
naufal reduan,2024,2026,15km,21.1km,False,,,
neo nicholas t t,2024,2026,21.1km,21.1km,True,10793,9785,-1008
neyton tan,2024,2026,21.1km,21.1km,True,6370,6406,36
ng ryan,2024,2026,15km,21.1km,False,,,
ng samantha,2024,2026,5km,21.1km,False,,,
ng shawn,2024,2026,10km,10km,True,3246,4799,1553
ng xiaoting,2024,2026,21.1km,10km,False,,,
ngo steve,2024,2026,21.1km,21.1km,True,9326,9668,342
nguyen tom,2024,2026,5km,5km,True,1964,3204,1240
nick wong,2024,2026,21.1km,21.1km,True,9467,7461,-2006
oh yvonne,2024,2026,15km,21.1km,False,,,
okihara yuki,2024,2026,10km,21.1km,False,,,
ong raphael,2024,2026,21.1km,21.1km,True,7241,6683,-558
ong xin zhi,2024,2026,10km,21.1km,False,,,
ow steven,2024,2026,10km,10km,True,3570,3453,-117
panda super,2024,2026,21.1km,21.1km,True,11129,12755,1626
pang stephen,2024,2026,15km,21.1km,False,,,
parthasarathy ravi,2024,2026,21.1km,21.1km,True,8442,8459,17
patrick tan,2024,2026,21.1km,10km,False,,,
paul rellon,2024,2026,21.1km,21.1km,True,8757,10030,1273
peiyu tan,2024,2026,21.1km,21.1km,True,8437,8311,-126
peng tan yin,2024,2026,15km,21.1km,False,,,
percival scott,2024,2026,21.1km,21.1km,True,5790,5333,-457
peter wu,2024,2026,21.1km,21.1km,True,10270,10042,-228
pinzheng zhang,2024,2026,10km,10km,True,3245,3575,330
poh wanda,2024,2026,15km,15km,True,6629,6076,-553
poh wee yam,2024,2026,15km,15km,True,6293,6595,302
pritchard zane,2024,2026,15km,15km,True,5874,5826,-48
qai rul,2024,2026,21.1km,10km,False,,,
qiang wei,2024,2026,10km,5km,False,,,
quek seowwoo,2024,2026,21.1km,21.1km,True,9205,9154,-51
rachel tan,2024,2026,21.1km,21.1km,True,8778,10087,1309
radiah siti,2024,2026,21.1km,21.1km,True,9252,8703,-549
radtaban rongrawee,2024,2026,10km,10km,True,5167,5111,-56
rafal rudnicki,2024,2026,21.1km,21.1km,True,10324,10433,109
rahim rahman,2024,2026,15km,21.1km,False,,,
rajesh sapre,2024,2026,21.1km,21.1km,True,10988,11556,568
ramasubramanian srivatsan,2024,2026,10km,10km,True,5330,5130,-200
ramaswamy veeramony,2024,2026,10km,10km,True,6197,6442,245
raymond ting,2024,2026,21.1km,21.1km,True,8733,7149,-1584
reuben tan,2024,2026,10km,700m Kids,False,,,
ron siow,2024,2026,21.1km,21.1km,True,5796,5722,-74
roy tay,2024,2026,21.1km,21.1km,True,6635,6853,218
rudy wong,2024,2026,21.1km,21.1km,True,7166,7123,-43
ryan teo,2024,2026,10km,10km,True,4633,3744,-889
sakashita yutaka,2024,2026,21.1km,21.1km,True,6561,6220,-341
salome sim,2024,2026,21.1km,21.1km,True,10143,8851,-1292
sam yeow,2024,2026,15km,15km,True,6683,6148,-535
sambodh soumik,2024,2026,700m Kids,700m Kids,True,3600,600,-3000
santosh singh,2024,2026,21.1km,21.1km,True,10416,10558,142
sarah wan,2024,2026,21.1km,21.1km,True,6741,6747,6
satake shinichi,2024,2026,21.1km,21.1km,True,8045,9629,1584
sathasivam thirunavukkarasu,2024,2026,21.1km,10km,False,,,
sauvage stanislas,2024,2026,10km,21.1km,False,,,
saw shing wuan,2024,2026,21.1km,21.1km,True,10140,8527,-1613
seah selina,2024,2026,21.1km,21.1km,True,11050,9298,-1752
sellakumaran sivakami,2024,2026,10km,10km,True,5247,5064,-183
shangar shruthi,2024,2026,5km,5km,True,2709,2347,-362
shaowei ying,2024,2026,21.1km,21.1km,True,7308,6754,-554
shariff sufi,2024,2026,21.1km,21.1km,True,6914,6275,-639
sharon sim,2024,2026,5km,3km,False,,,
shaun tan,2024,2026,10km,15km,False,,,
shawn tan,2024,2026,21.1km,21.1km,True,6439,6998,559
shen yap yi,2024,2026,10km,10km,True,4944,4389,-555
shon wei yang,2024,2026,10km,10km,True,6882,6665,-217
shunsuke tomioka,2024,2026,21.1km,21.1km,True,7452,7597,145
sien wee yue,2024,2026,21.1km,21.1km,True,10963,11292,329
siew tan thuan,2024,2026,15km,15km,True,10972,10218,-754
siling young,2024,2026,10km,21.1km,False,,,
sim william,2024,2026,21.1km,21.1km,True,9867,8369,-1498
soh wei xiang,2024,2026,10km,21.1km,False,,,
sriram venkatesan,2024,2026,15km,21.1km,False,,,
sriram venkatraman,2024,2026,21.1km,21.1km,True,9317,10519,1202
steven wong,2024,2026,10km,5km,False,,,
suvit topaiboon,2024,2026,21.1km,21.1km,True,10864,9027,-1837
tan wayne,2024,2026,10km,10km,True,4352,4300,-52
tatt teoh teong,2024,2026,10km,10km,True,4568,3923,-645
tay tricia,2024,2026,5km,5km,True,2902,1925,-977
tee yongnan,2024,2026,21.1km,21.1km,True,8377,9870,1493
teh vincent,2024,2026,5km,10km,False,,,
toh victor,2024,2026,21.1km,21.1km,True,9251,8611,-640
wang zhe,2024,2026,21.1km,21.1km,True,6437,6504,67
wei zhen,2024,2026,21.1km,21.1km,True,5618,5029,-589
wenlong wu,2024,2026,10km,10km,True,4848,5418,570
wilson yao,2024,2026,10km,10km,True,5305,4930,-375
winson yap,2024,2026,21.1km,21.1km,True,5723,5474,-249
wissam wissam,2024,2026,21.1km,21.1km,True,7474,7127,-347
xu zhiyong,2024,2026,21.1km,21.1km,True,9136,7638,-1498
yang yuwen,2024,2026,10km,21.1km,False,,,
yaxuan zeng,2024,2026,21.1km,21.1km,True,9513,9443,-70
yoshida yusuke,2024,2026,21.1km,21.1km,True,7925,8327,402
zhang zhenjia,2024,2026,10km,21.1km,False,,,
@rema leela leela,2025,2026,5km,10km,False,,,
aahaan chauhan singh,2025,2026,700m Kids,700m Kids,True,420,600,180
aaron koh,2025,2026,15km,10km,False,,,
aaron sim,2025,2026,21.1km,21.1km,True,7936,7618,-318
aarush bhadury,2025,2026,5km,5km,True,2117,3254,1137
abarquez jerome,2025,2026,21.1km,21.1km,True,7966,7115,-851
abdul abdul manan manan,2025,2026,5km,3km,False,,,
abdul bin khairuddin muhd rashid,2025,2026,5km,10km,False,,,
abdul raimi,2025,2026,21.1km,21.1km,True,9969,8807,-1162
abdullah md shariff,2025,2026,21.1km,21.1km,True,11952,11986,34
abdullah sarin,2025,2026,21.1km,10km,False,,,
abe kazuyuki,2025,2026,21.1km,21.1km,True,8804,8082,-722
abhinav b,2025,2026,21.1km,21.1km,True,7620,10130,2510
abhineet kalra,2025,2026,5km,5km,True,2440,1717,-723
abhishek roy,2025,2026,21.1km,21.1km,True,7261,7039,-222
abigail puah,2025,2026,5km,5km,True,2684,2235,-449
adam elsa,2025,2026,10km,10km,True,5057,4341,-716
adam goldstein,2025,2026,21.1km,21.1km,True,6406,6136,-270
adam olivier,2025,2026,15km,10km,False,,,
adele eyu,2025,2026,21.1km,21.1km,True,8596,8357,-239
adithya gopakumar,2025,2026,10km,10km,True,4687,3703,-984
aditya chandur mahtani oslan,2025,2026,700m Kids,700m Kids,True,420,600,180
aditya ignatius,2025,2026,3km,5km,False,,,
adrian boey,2025,2026,15km,21.1km,False,,,
adrian heng,2025,2026,21.1km,15km,False,,,
adrian ong,2025,2026,21.1km,15km,False,,,
adrian quek,2025,2026,10km,21.1km,False,,,
agnes teah,2025,2026,10km,10km,True,4925,4038,-887
ahmad faizul khairi muhammad,2025,2026,10km,15km,False,,,
ai choo gan joanne,2025,2026,10km,10km,True,4835,4847,12
ai jia koh,2025,2026,10km,5km,False,,,
aiden ishibashi,2025,2026,5km,5km,True,2366,2227,-139
aileen buenaventura,2025,2026,15km,21.1km,False,,,
alan ang,2025,2026,21.1km,21.1km,True,6853,6655,-198
alan poh,2025,2026,21.1km,21.1km,True,7044,6714,-330
alby yip,2025,2026,21.1km,21.1km,True,7110,6686,-424
aldwin benter mark,2025,2026,21.1km,21.1km,True,7290,8086,796
alex chong,2025,2026,10km,21.1km,False,,,
alex fu,2025,2026,21.1km,21.1km,True,5709,5490,-219
alex sun,2025,2026,21.1km,21.1km,True,8732,9092,360
alexander andrew joshua,2025,2026,21.1km,21.1km,True,7316,7180,-136
alexandra nimtschek,2025,2026,700m Kids,700m Kids,True,420,600,180
alfian daniel izzah nur qistina,2025,2026,3km,3km,True,2232,2250,18
algin tan,2025,2026,10km,21.1km,False,,,
ali bajuri,2025,2026,10km,10km,True,3806,3745,-61
alice nan nwe tit,2025,2026,15km,10km,False,,,
alicia lee,2025,2026,15km,10km,False,,,
alicia pun teresa,2025,2026,21.1km,21.1km,True,9156,9197,41
alicia tham,2025,2026,10km,21.1km,False,,,
allan chew hong thye,2025,2026,10km,10km,True,3719,3465,-254
alpin diego,2025,2026,21.1km,21.1km,True,6964,6938,-26
alvin koh,2025,2026,10km,21.1km,False,,,
alvin peh,2025,2026,21.1km,21.1km,True,6437,6175,-262
alvina chai,2025,2026,10km,10km,True,4559,5057,498
alyssa francis,2025,2026,10km,10km,True,6805,6639,-166
amanda chen,2025,2026,3km,21.1km,False,,,
amanda hui luk xian,2025,2026,3km,5km,False,,,
amanda ng,2025,2026,10km,10km,True,5486,5382,-104
amanda seah,2025,2026,21.1km,21.1km,True,10423,10594,171
amandeep singh,2025,2026,21.1km,21.1km,True,8021,8183,162
ameya salkar,2025,2026,21.1km,21.1km,True,8442,8202,-240
amir happy,2025,2026,10km,10km,True,3719,3451,-268
amirah khairudin nur,2025,2026,10km,10km,True,4808,4516,-292
ammar yassir,2025,2026,10km,10km,True,3873,3996,123
amos liau,2025,2026,21.1km,21.1km,True,7057,6850,-207
amy malone,2025,2026,15km,15km,True,6989,5382,-1607
an chen qing,2025,2026,21.1km,21.1km,True,8471,8774,303
an liat ong,2025,2026,5km,5km,True,2637,1988,-649
anbu yogita,2025,2026,5km,5km,True,3288,2782,-506
anders lim,2025,2026,700m Kids,700m Kids,True,420,600,180
andrew goh,2025,2026,10km,21.1km,False,,,
andrew hankinson,2025,2026,15km,21.1km,False,,,
andrew hay,2025,2026,21.1km,21.1km,True,7557,8713,1156
andrew leong,2025,2026,21.1km,15km,False,,,
andrew loke,2025,2026,21.1km,21.1km,True,7770,7023,-747
andrew shuttleworth,2025,2026,21.1km,21.1km,True,5540,7156,1616
andrew tan,2025,2026,10km,21.1km,False,,,
andy ng,2025,2026,10km,3km,False,,,
ang boo ming,2025,2026,21.1km,21.1km,True,8528,8247,-281
ang cheng hui,2025,2026,15km,10km,False,,,
ang derrick,2025,2026,21.1km,21.1km,True,8442,8682,240
ang garry,2025,2026,21.1km,21.1km,True,5873,5447,-426
ang geetat,2025,2026,10km,21.1km,False,,,
ang goon hwee,2025,2026,21.1km,21.1km,True,10472,8743,-1729
ang john,2025,2026,21.1km,21.1km,True,8479,6228,-2251
ang julie,2025,2026,10km,10km,True,6508,6666,158
ang kiong kok,2025,2026,21.1km,21.1km,True,7955,6429,-1526
ang lee yun,2025,2026,21.1km,21.1km,True,8435,8268,-167
ang malcolm,2025,2026,15km,15km,True,7019,6454,-565
ang xavier,2025,2026,10km,10km,True,3903,3486,-417
ang yong yu,2025,2026,21.1km,21.1km,True,9434,11974,2540
angela lin,2025,2026,21.1km,21.1km,True,7074,7181,107
angelyn leong,2025,2026,10km,10km,True,4367,4926,559
ann cheng terk,2025,2026,10km,10km,True,6317,6269,-48
ann kian song,2025,2026,21.1km,21.1km,True,9059,8408,-651
annabel yaw,2025,2026,21.1km,21.1km,True,11185,10107,-1078
annamalai srinivasan,2025,2026,5km,5km,True,3195,2712,-483
annatharaju indirajithu,2025,2026,5km,5km,True,3366,2330,-1036
annie lee,2025,2026,21.1km,21.1km,True,7569,7096,-473
annisa nadia,2025,2026,15km,21.1km,False,,,
anthony rajoo,2025,2026,10km,10km,True,3482,3293,-189
anton cheah,2025,2026,21.1km,21.1km,True,7211,7470,259
april cheong,2025,2026,21.1km,21.1km,True,8294,8309,15
aravindh kv,2025,2026,21.1km,21.1km,True,7247,8810,1563
arisa binte muhammad saad tan,2025,2026,700m Kids,700m Kids,True,420,600,180
arjuna pai ramananda,2025,2026,10km,10km,True,4720,4572,-148
arnold chee kok lim,2025,2026,10km,10km,True,3730,3701,-29
aryan nasri roshan,2025,2026,700m Kids,700m Kids,True,420,600,180
ashley lim,2025,2026,5km,21.1km,False,,,
aswani parimal,2025,2026,21.1km,21.1km,True,9751,9638,-113
au sandy,2025,2026,10km,15km,False,,,
audrey see-toh,2025,2026,10km,15km,False,,,
aung myo yan,2025,2026,5km,5km,True,3603,3216,-387
aung phyo thiha,2025,2026,21.1km,21.1km,True,9555,8664,-891
ayden chng heng yu,2025,2026,700m Kids,700m Kids,True,420,600,180
aye aye lin,2025,2026,5km,5km,True,4140,3292,-848
ayush basu,2025,2026,21.1km,21.1km,True,8184,8135,-49
ayyasamy balu,2025,2026,10km,10km,True,4441,4297,-144
azmi noor'ain,2025,2026,5km,5km,True,3869,3303,-566
babagay caramel,2025,2026,21.1km,21.1km,True,11525,11846,321
baburaj chinnadurai,2025,2026,5km,5km,True,2494,2069,-425
baerbel melcher,2025,2026,15km,15km,True,4945,4522,-423
baey edmund,2025,2026,21.1km,21.1km,True,7300,6825,-475
baharum bin firdaus muhammad,2025,2026,21.1km,21.1km,True,8351,8817,466
bailey simon,2025,2026,15km,10km,False,,,
balakrishnan sanjaendran,2025,2026,21.1km,21.1km,True,7611,7399,-212
baldomar george,2025,2026,5km,5km,True,3127,3218,91
ballard michael,2025,2026,21.1km,21.1km,True,8080,8037,-43
bamadhaj faten,2025,2026,10km,10km,True,3768,4030,262
baojian lu,2025,2026,21.1km,21.1km,True,7352,8145,793
bardy jo'an,2025,2026,15km,15km,True,7050,6726,-324
barry levett,2025,2026,21.1km,21.1km,True,8509,7181,-1328
barzaga katrina,2025,2026,10km,21.1km,False,,,
baskar ganesan,2025,2026,5km,5km,True,3881,2586,-1295
bee hong lim,2025,2026,5km,5km,True,3247,2904,-343
bee hua yeo,2025,2026,3km,3km,True,2234,2013,-221
bee hui joyce low,2025,2026,10km,10km,True,4432,4276,-156
beh yi zhao,2025,2026,10km,10km,True,5145,4833,-312
belina quek,2025,2026,21.1km,21.1km,True,6547,9908,3361
ben oh,2025,2026,15km,10km,False,,,
ben trussell,2025,2026,21.1km,21.1km,True,8857,7568,-1289
benedict kothe,2025,2026,10km,15km,False,,,
beng chee ng,2025,2026,21.1km,21.1km,True,5811,5603,-208
beng hui ong,2025,2026,15km,10km,False,,,
beng kok owe,2025,2026,21.1km,21.1km,True,9963,9246,-717
beng teck ting,2025,2026,21.1km,21.1km,True,6301,8360,2059
benjamin goh,2025,2026,10km,10km,True,3967,4373,406
benjamin long,2025,2026,21.1km,21.1km,True,7060,6643,-417
benjamin wang,2025,2026,21.1km,21.1km,True,6721,5959,-762
benjamin yeong,2025,2026,21.1km,21.1km,True,6961,8056,1095
berger michelle,2025,2026,21.1km,15km,False,,,
bernard heng,2025,2026,21.1km,21.1km,True,7410,7604,194
bernard koon peng tan,2025,2026,21.1km,21.1km,True,8430,8295,-135
bernard lee,2025,2026,21.1km,21.1km,True,9608,9909,301
bernard oh,2025,2026,15km,21.1km,False,,,
bernard tham,2025,2026,21.1km,21.1km,True,6978,6753,-225
bert rouel uy,2025,2026,21.1km,21.1km,True,8018,6851,-1167
bertram timo,2025,2026,15km,15km,True,6639,6166,-473
betal roshan,2025,2026,21.1km,21.1km,True,11125,11185,60
beth yap,2025,2026,3km,5km,False,,,
beverly tan,2025,2026,5km,10km,False,,,
billy martinez,2025,2026,15km,21.1km,False,,,
bin choon ong,2025,2026,10km,10km,True,6101,5217,-884
bin mohammed rosidi rozaiman,2025,2026,21.1km,21.1km,True,7137,7106,-31
binti draman hamidah,2025,2026,3km,3km,True,2235,2257,22
bolin zhang,2025,2026,10km,15km,False,,,
boo jin xian,2025,2026,21.1km,21.1km,True,7593,6778,-815
boon chee pua,2025,2026,21.1km,21.1km,True,7803,7361,-442
boon cheong poh,2025,2026,21.1km,21.1km,True,6907,6714,-193
boon chin low,2025,2026,10km,10km,True,5151,5564,413
boon gek ng,2025,2026,10km,10km,True,4751,4623,-128
boon goh lian wilson,2025,2026,21.1km,21.1km,True,6264,7391,1127
boon hock lim,2025,2026,21.1km,21.1km,True,9451,9238,-213
boon hock tan,2025,2026,21.1km,21.1km,True,8438,8749,311
boon hui koh,2025,2026,10km,10km,True,4186,4562,376
boon hui tan,2025,2026,21.1km,21.1km,True,7871,7602,-269
boon kheng tan,2025,2026,21.1km,21.1km,True,7826,7017,-809
boon kian tai,2025,2026,21.1km,21.1km,True,10195,10581,386
boon lee leng,2025,2026,21.1km,21.1km,True,8913,8836,-77
boon ng piau steve,2025,2026,10km,10km,True,4470,4449,-21
boon tan teck,2025,2026,21.1km,21.1km,True,8370,7800,-570
boon yinn zhao,2025,2026,21.1km,21.1km,True,7755,7890,135
bradley soh,2025,2026,21.1km,21.1km,True,5678,5434,-244
brenda li,2025,2026,10km,10km,True,3274,3298,24
brendan george wong,2025,2026,5km,10km,False,,,
brendan goh,2025,2026,5km,5km,True,4835,2643,-2192
brian long,2025,2026,10km,10km,True,6315,6270,-45
bryan chong,2025,2026,5km,10km,False,,,
bryan lim,2025,2026,21.1km,21.1km,True,8315,8010,-305
bryan yeo,2025,2026,21.1km,21.1km,True,8721,7507,-1214
bte hashim munirah sharifah syed,2025,2026,21.1km,21.1km,True,9283,9038,-245
bwor htee kyant nan ta,2025,2026,10km,10km,True,5435,6158,723
byrne mu,2025,2026,15km,15km,True,6375,6055,-320
c kumar vimal,2025,2026,21.1km,21.1km,True,8589,7733,-856
c t,2025,2026,21.1km,21.1km,True,7759,7634,-125
c vic,2025,2026,10km,10km,True,3417,3263,-154
cadiente jadd padilla,2025,2026,21.1km,21.1km,True,7337,8948,1611
cai cijun,2025,2026,21.1km,21.1km,True,9997,8665,-1332
calvin lim,2025,2026,21.1km,21.1km,True,7095,8324,1229
calvin moh,2025,2026,21.1km,21.1km,True,6080,5833,-247
calvin tang,2025,2026,21.1km,21.1km,True,7746,7415,-331
cao jun ming,2025,2026,21.1km,21.1km,True,6872,7685,813
careca huat loi yong,2025,2026,5km,10km,False,,,
carina poh,2025,2026,5km,10km,False,,,
carol gaffney,2025,2026,21.1km,21.1km,True,6800,6464,-336
case steven,2025,2026,15km,21.1km,False,,,
cason goh,2025,2026,21.1km,21.1km,True,10650,11431,781
catherine tan,2025,2026,5km,5km,True,3745,3328,-417
cedric poh,2025,2026,700m Kids,700m Kids,True,420,600,180
celine chan,2025,2026,700m Kids,700m Kids,True,420,600,180
chai eng lim,2025,2026,10km,15km,False,,,
chai lee yong,2025,2026,5km,5km,True,3097,2593,-504
chai sham yung,2025,2026,21.1km,21.1km,True,10115,8411,-1704
chakravarthy deepan s,2025,2026,15km,15km,True,6206,5210,-996
cham cindy,2025,2026,10km,15km,False,,,
chan chee keong,2025,2026,5km,10km,False,,,
chan chong kok,2025,2026,15km,21.1km,False,,,
chan feei wen,2025,2026,10km,10km,True,4079,4214,135
chan geck keat,2025,2026,10km,10km,True,6030,6045,15
chan guan peng,2025,2026,10km,10km,True,5413,5205,-208
chan hans,2025,2026,10km,15km,False,,,
chan howe kian,2025,2026,10km,10km,True,5899,6242,343
chan jacqui,2025,2026,5km,5km,True,2189,2315,126
chan keang swee,2025,2026,15km,15km,True,7820,7770,-50
chan nyein soe,2025,2026,21.1km,21.1km,True,7930,7518,-412
chan sabina,2025,2026,10km,10km,True,4808,4750,-58
chan serene,2025,2026,21.1km,21.1km,True,7450,6963,-487
chan zy,2025,2026,5km,5km,True,3414,2241,-1173
chanchal yadav,2025,2026,15km,10km,False,,,
chandan jaiswal mohan,2025,2026,21.1km,21.1km,True,9512,9976,464
chandan saurabh,2025,2026,10km,10km,True,3292,3800,508
chandrasekaran duraikkannan,2025,2026,5km,5km,True,3048,3616,568
chandur mahtani,2025,2026,21.1km,21.1km,True,6296,6587,291
chanel wee,2025,2026,21.1km,15km,False,,,
chang esther,2025,2026,10km,15km,False,,,
chang hsiao hui,2025,2026,3km,3km,True,2224,2274,50
chang janson,2025,2026,21.1km,21.1km,True,7467,7027,-440
chang lee yang,2025,2026,21.1km,21.1km,True,8787,7944,-843
chang max,2025,2026,10km,10km,True,4103,4924,821
changgeng zhang,2025,2026,10km,10km,True,3402,3768,366
chaoliang wang,2025,2026,10km,21.1km,False,,,
chaosheng rui,2025,2026,10km,10km,True,3532,3288,-244
charlie koh,2025,2026,10km,10km,True,4352,4274,-78
charlotte creswick,2025,2026,700m Kids,700m Kids,True,420,600,180
charlotte kalyani koduru,2025,2026,10km,5km,False,,,
charnley fiona,2025,2026,21.1km,21.1km,True,9189,8811,-378
chauncey hing loong ng,2025,2026,21.1km,21.1km,True,7138,6774,-364
chaw qi xuan,2025,2026,21.1km,10km,False,,,
cheah joyce,2025,2026,10km,10km,True,4758,4186,-572
chee cheng wing,2025,2026,3km,5km,False,,,
chee hian tan,2025,2026,21.1km,21.1km,True,10096,10584,488
chee hong ng,2025,2026,21.1km,21.1km,True,5193,5233,40
chee how ng,2025,2026,21.1km,15km,False,,,
chee keong sng,2025,2026,21.1km,21.1km,True,10981,10608,-373
chee megan,2025,2026,10km,15km,False,,,
chee ming quan,2025,2026,21.1km,21.1km,True,7958,8321,363
chee sean,2025,2026,15km,21.1km,False,,,
chee sien wong,2025,2026,21.1km,21.1km,True,8665,9437,772
chee sin tan,2025,2026,21.1km,21.1km,True,8378,6999,-1379
chee tan wee,2025,2026,21.1km,21.1km,True,7492,7212,-280
chee tan wei,2025,2026,10km,21.1km,False,,,
cheer chua huat,2025,2026,10km,21.1km,False,,,
chen cheng-i,2025,2026,21.1km,21.1km,True,8368,8441,73
chen chi,2025,2026,5km,10km,False,,,
chen en gordon jun,2025,2026,700m Kids,700m Kids,True,420,600,180
chen hong qing,2025,2026,21.1km,21.1km,True,7349,7939,590
chen hua qing,2025,2026,5km,21.1km,False,,,
chen hwang siong,2025,2026,21.1km,21.1km,True,10021,8905,-1116
chen junyi,2025,2026,21.1km,21.1km,True,8206,9471,1265
chen michael,2025,2026,5km,21.1km,False,,,
chen ng siew,2025,2026,10km,10km,True,5590,6732,1142
chen nuo,2025,2026,700m Kids,700m Kids,True,420,600,180
chen qiqi,2025,2026,15km,15km,True,5954,8800,2846
chen ria,2025,2026,10km,5km,False,,,
chen xiaoding,2025,2026,5km,5km,True,1696,1426,-270
chen yi,2025,2026,10km,5km,False,,,
chen yiwen,2025,2026,10km,21.1km,False,,,
cheng chong pek,2025,2026,10km,10km,True,4843,5103,260
cheng en ngor,2025,2026,21.1km,21.1km,True,6381,7793,1412
cheng fong mui,2025,2026,10km,15km,False,,,
cheng isabell,2025,2026,5km,5km,True,2418,1927,-491
cheng jacqueline,2025,2026,3km,5km,False,,,
cheng lai wah,2025,2026,5km,10km,False,,,
cheng sim wee,2025,2026,5km,10km,False,,,
cheng tao yi,2025,2026,21.1km,21.1km,True,7863,8702,839
cheng vincy,2025,2026,21.1km,21.1km,True,9205,9040,-165
cheng wei ze,2025,2026,21.1km,5km,False,,,
cheng wong yee,2025,2026,5km,5km,True,3112,2530,-582
cheng xuan yu,2025,2026,5km,10km,False,,,
cheong chou kum,2025,2026,15km,21.1km,False,,,
cheong kam wan,2025,2026,21.1km,21.1km,True,8189,7651,-538
cheong kok meng,2025,2026,21.1km,21.1km,True,6345,8201,1856
cheong wei yeo,2025,2026,21.1km,21.1km,True,9340,7782,-1558
cheong xin yu,2025,2026,21.1km,21.1km,True,8703,8944,241
cheow chow eng,2025,2026,21.1km,21.1km,True,11067,10912,-155
cher lim,2025,2026,10km,15km,False,,,
cher terence,2025,2026,5km,5km,True,1848,1482,-366
cherie chia jia lin,2025,2026,10km,21.1km,False,,,
chern may ng shirley,2025,2026,10km,10km,True,4472,4833,361
cheryl loh,2025,2026,21.1km,21.1km,True,5249,7652,2403
cheryl ng,2025,2026,21.1km,3km,False,,,
cheung ho kwan,2025,2026,21.1km,21.1km,True,6423,6986,563
chevelle hwee kheng yee,2025,2026,700m Kids,700m Kids,True,420,600,180
chew chiak keng,2025,2026,21.1km,21.1km,True,8319,8241,-78
chew chuan yee,2025,2026,21.1km,21.1km,True,9114,8029,-1085
chew daniel,2025,2026,15km,15km,True,6067,6115,48
chew dorcas,2025,2026,10km,10km,True,5441,4840,-601
chew hui meng,2025,2026,10km,10km,True,4158,4163,5
chew ian,2025,2026,5km,5km,True,2218,1735,-483
chew ivin,2025,2026,10km,10km,True,3807,3736,-71
chew peng yeok,2025,2026,21.1km,21.1km,True,9804,12114,2310
chew xiu zheng,2025,2026,21.1km,21.1km,True,7468,7029,-439
chi chong woon,2025,2026,21.1km,21.1km,True,10615,10268,-347
chi hung lin,2025,2026,21.1km,21.1km,True,5966,5321,-645
chi jie wong,2025,2026,10km,10km,True,5160,4377,-783
chia corrinne,2025,2026,10km,10km,True,4964,4689,-275
chia damien jude,2025,2026,700m Kids,700m Kids,True,420,600,180
chia fred,2025,2026,15km,21.1km,False,,,
chia isaac,2025,2026,21.1km,21.1km,True,5368,5373,5
chia jiangyun,2025,2026,5km,5km,True,3448,2414,-1034
chia kai qin,2025,2026,3km,5km,False,,,
chia khee yong,2025,2026,3km,3km,True,1975,1978,3
chia khing swee,2025,2026,21.1km,21.1km,True,9513,9127,-386
chia linda,2025,2026,10km,10km,True,5553,5202,-351
chia lynnette,2025,2026,10km,5km,False,,,
chia sheng-kai,2025,2026,21.1km,21.1km,True,7726,7383,-343
chia wilson,2025,2026,10km,10km,True,3952,4394,442
chien han seow,2025,2026,21.1km,21.1km,True,8749,9309,560
chien king lee,2025,2026,5km,10km,False,,,
chiew joel,2025,2026,10km,10km,True,2477,2734,257
chiew siong teo,2025,2026,5km,3km,False,,,
chik tan wee,2025,2026,10km,15km,False,,,
chin cj,2025,2026,21.1km,21.1km,True,5817,10994,5177
chin fung tsu,2025,2026,15km,15km,True,7772,7766,-6
chin goh yee,2025,2026,21.1km,21.1km,True,9743,10116,373
chin ooi yik,2025,2026,21.1km,21.1km,True,7095,6604,-491
chin peng wei,2025,2026,21.1km,21.1km,True,7300,6885,-415
chin teo yong,2025,2026,3km,3km,True,1607,1416,-191
ching jong pei,2025,2026,21.1km,10km,False,,,
ching shay tan,2025,2026,15km,10km,False,,,
chit fu yaw,2025,2026,15km,15km,True,6065,5564,-501
chiu jodie,2025,2026,10km,5km,False,,,
chloe koh,2025,2026,10km,10km,True,3463,3365,-98
chloe lim,2025,2026,21.1km,5km,False,,,
chng crystal,2025,2026,21.1km,21.1km,True,8956,6944,-2012
cho melinda,2025,2026,21.1km,21.1km,True,7676,9872,2196
cho wee yen,2025,2026,21.1km,21.1km,True,6551,9661,3110
chok kim lun,2025,2026,21.1km,21.1km,True,6547,10187,3640
choke seng teo,2025,2026,21.1km,21.1km,True,9861,9790,-71
cholarajan sethumanikcam,2025,2026,21.1km,21.1km,True,10869,10752,-117
chong glendon,2025,2026,21.1km,21.1km,True,6378,5743,-635
chong hing soon,2025,2026,5km,10km,False,,,
chong ho kang,2025,2026,10km,10km,True,4541,4584,43
chong jie vincent wen,2025,2026,5km,5km,True,3501,2869,-632
chong joseph,2025,2026,10km,10km,True,4317,4224,-93
chong leona,2025,2026,21.1km,21.1km,True,8576,11296,2720
chong low wei,2025,2026,3km,3km,True,1389,1288,-101
chong phui seow,2025,2026,15km,15km,True,6785,6753,-32
chong robin,2025,2026,10km,10km,True,4909,4442,-467
chong ying ying,2025,2026,10km,10km,True,5497,4674,-823
choo chuan ng,2025,2026,21.1km,21.1km,True,5910,6392,482
choo heng leong,2025,2026,21.1km,21.1km,True,9006,9436,430
choo miin sy,2025,2026,5km,5km,True,2682,2198,-484
choo nicholas,2025,2026,15km,21.1km,False,,,
choo sam,2025,2026,15km,21.1km,False,,,
chooi william,2025,2026,21.1km,21.1km,True,7796,7264,-532
choon lim thiam,2025,2026,5km,5km,True,2608,2387,-221
chopard jacqueline,2025,2026,5km,5km,True,4189,3638,-551
choudhury tanmay,2025,2026,21.1km,21.1km,True,8480,7490,-990
chow edwin,2025,2026,21.1km,21.1km,True,8545,8435,-110
chow li wei,2025,2026,5km,5km,True,2725,2231,-494
chow ng zhi,2025,2026,21.1km,21.1km,True,8315,8948,633
choy edward,2025,2026,10km,21.1km,False,,,
christina fong koh mei,2025,2026,21.1km,15km,False,,,
christopher eu lee seng,2025,2026,10km,10km,True,4161,3992,-169
christopher tan,2025,2026,21.1km,21.1km,True,8575,12690,4115
chu guang sing,2025,2026,21.1km,21.1km,True,9255,6663,-2592
chu lin tay,2025,2026,21.1km,21.1km,True,8652,9304,652
chua eileen,2025,2026,21.1km,21.1km,True,8577,8143,-434
chua emely,2025,2026,10km,5km,False,,,
chua hwa shang,2025,2026,21.1km,21.1km,True,6368,6753,385
chua irwin,2025,2026,21.1km,21.1km,True,5158,4789,-369
chua ivan,2025,2026,15km,15km,True,5870,6000,130
chua jason,2025,2026,10km,5km,False,,,
chua john,2025,2026,21.1km,21.1km,True,9019,8878,-141
chua jonah,2025,2026,21.1km,21.1km,True,8987,11606,2619
chua joshua,2025,2026,700m Kids,700m Kids,True,420,600,180
chua nathan,2025,2026,700m Kids,700m Kids,True,420,600,180
chua ngeah theng,2025,2026,21.1km,21.1km,True,11372,10091,-1281
chua ryan,2025,2026,15km,21.1km,False,,,
chuan hock yeo,2025,2026,21.1km,21.1km,True,10176,10116,-60
chuan low yap,2025,2026,21.1km,21.1km,True,9704,9802,98
chuan ng wee,2025,2026,21.1km,21.1km,True,6204,5953,-251
chue guo xian,2025,2026,10km,15km,False,,,
chuen kion rong,2025,2026,3km,10km,False,,,
chui ling wong,2025,2026,5km,5km,True,3447,2920,-527
chui malcolm,2025,2026,21.1km,21.1km,True,8436,11611,3175
chui ng wern,2025,2026,21.1km,21.1km,True,7118,7129,11
chun chung yan,2025,2026,700m Kids,700m Kids,True,420,600,180
chun chung yee,2025,2026,3km,3km,True,1536,1692,156
chun hui leow,2025,2026,21.1km,10km,False,,,
chun kiat tay,2025,2026,10km,10km,True,3622,3361,-261
chwee peng tay,2025,2026,5km,5km,True,3238,2823,-415
chyaun kiang soon,2025,2026,10km,10km,True,4390,4510,120
chye neo soon,2025,2026,10km,10km,True,5985,6312,327
cindi ngian,2025,2026,5km,3km,False,,,
cindy lee,2025,2026,21.1km,21.1km,True,9549,14207,4658
cindy teo,2025,2026,10km,21.1km,False,,,
claire lee,2025,2026,15km,21.1km,False,,,
clara nah,2025,2026,21.1km,21.1km,True,6687,6796,109
clarence guan ken teoh,2025,2026,21.1km,21.1km,True,10833,10682,-151
clarence yeo,2025,2026,21.1km,21.1km,True,6954,7259,305
classnitz franz,2025,2026,21.1km,21.1km,True,5634,5524,-110
clifton teo,2025,2026,10km,15km,False,,,
clive hau,2025,2026,21.1km,21.1km,True,7567,7027,-540
colin eddison,2025,2026,15km,21.1km,False,,,
colin lim,2025,2026,10km,10km,True,4923,4748,-175
collet kevin,2025,2026,10km,21.1km,False,,,
conall ginley mc,2025,2026,700m Kids,700m Kids,True,420,600,180
connie gaik hooi liang,2025,2026,21.1km,10km,False,,,
connie wong,2025,2026,15km,10km,False,,,
constance teo,2025,2026,10km,10km,True,3718,3686,-32
corona dheil,2025,2026,21.1km,21.1km,True,9479,8824,-655
cruz dela joffrey,2025,2026,5km,5km,True,2939,2548,-391
cy siow,2025,2026,21.1km,21.1km,True,6485,6642,157
cynthia lim,2025,2026,10km,10km,True,4021,4067,46
cynthia teo,2025,2026,21.1km,21.1km,True,9290,9827,537
daisy tan,2025,2026,5km,10km,False,,,
daniel leow,2025,2026,21.1km,10km,False,,,
daniel lum,2025,2026,3km,3km,True,2138,1834,-304
daniel quah,2025,2026,21.1km,21.1km,True,7275,8075,800
darnel tay,2025,2026,21.1km,21.1km,True,6319,6599,280
darren potter,2025,2026,15km,15km,True,6730,7502,772
daryl lim,2025,2026,10km,10km,True,3527,3113,-414
daryl pui,2025,2026,21.1km,21.1km,True,8913,8679,-234
daryl tan,2025,2026,10km,3km,False,,,
dave lee,2025,2026,5km,10km,False,,,
daviz poh,2025,2026,21.1km,21.1km,True,7155,6729,-426
dawn yap,2025,2026,15km,21.1km,False,,,
debbie lee,2025,2026,21.1km,21.1km,True,6292,6044,-248
deepan trevor,2025,2026,700m Kids,700m Kids,True,420,600,180
deng ming oh,2025,2026,10km,5km,False,,,
denis surya,2025,2026,10km,21.1km,False,,,
dennis verdeflor,2025,2026,5km,5km,True,2889,2272,-617
dennis ying,2025,2026,21.1km,21.1km,True,7160,7924,764
denny quek,2025,2026,10km,10km,True,3992,3935,-57
derek h,2025,2026,21.1km,21.1km,True,6516,6019,-497
derran goh,2025,2026,21.1km,21.1km,True,9773,9041,-732
deshmukh renith,2025,2026,700m Kids,700m Kids,True,420,600,180
desmond ho,2025,2026,21.1km,21.1km,True,9980,11273,1293
desmond peck,2025,2026,10km,10km,True,4782,3489,-1293
desmond zheng,2025,2026,21.1km,21.1km,True,6445,6171,-274
dhamodar rajendrakumar rani,2025,2026,10km,10km,True,5283,4935,-348
dhananjay jadhav,2025,2026,21.1km,21.1km,True,7059,6826,-233
dhananjay mishra,2025,2026,10km,10km,True,4358,4057,-301
dhanasangu muruganandham,2025,2026,21.1km,21.1km,True,8121,8737,616
dharmapuri krishna,2025,2026,15km,15km,True,6891,6529,-362
dimal marinelle,2025,2026,10km,21.1km,False,,,
dimokidis nikolaos,2025,2026,10km,10km,True,3141,2967,-174
dina valdez,2025,2026,15km,21.1km,False,,,
ditthania suryani,2025,2026,10km,10km,True,4917,3958,-959
djuana sony,2025,2026,21.1km,21.1km,True,9753,9806,53
dong law woei,2025,2026,21.1km,21.1km,True,7695,8034,339
dongbin mao,2025,2026,10km,10km,True,3301,4328,1027
dongxin liu,2025,2026,15km,21.1km,False,,,
donna ho,2025,2026,10km,10km,True,5979,5778,-201
doreleijers frank,2025,2026,21.1km,21.1km,True,9897,8606,-1291
doris mou,2025,2026,5km,5km,True,3816,3097,-719
du steven,2025,2026,21.1km,21.1km,True,8876,8699,-177
duy nguyen,2025,2026,21.1km,21.1km,True,6588,12861,6273
dve l,2025,2026,21.1km,21.1km,True,7530,9878,2348
dylan tan,2025,2026,21.1km,10km,False,,,
eadie maya,2025,2026,10km,5km,False,,,
easu tanya,2025,2026,3km,5km,False,,,
edlina sia,2025,2026,15km,10km,False,,,
edmund koh,2025,2026,10km,10km,True,3902,4870,968
edmund lim,2025,2026,21.1km,21.1km,True,7400,8108,708
edwin hooy,2025,2026,21.1km,21.1km,True,7074,7769,695
edwin tiong,2025,2026,10km,21.1km,False,,,
ee kim lock,2025,2026,21.1km,21.1km,True,5986,8247,2261
ee lina,2025,2026,3km,3km,True,2236,2277,41
ei ting wei,2025,2026,21.1km,21.1km,True,11128,8618,-2510
eileen khoo,2025,2026,15km,10km,False,,,
ek jin siau,2025,2026,5km,5km,True,3212,2304,-908
ek wen xuan,2025,2026,21.1km,21.1km,True,7013,6129,-884
eleanor tay,2025,2026,21.1km,21.1km,True,6642,6432,-210
elena pertegaz,2025,2026,15km,15km,True,5800,5138,-662
elgin tan,2025,2026,21.1km,21.1km,True,11545,10419,-1126
elicia ling,2025,2026,15km,21.1km,False,,,
elizabeth gan,2025,2026,10km,10km,True,5377,5490,113
elliot lee,2025,2026,10km,15km,False,,,
emerson tan,2025,2026,21.1km,21.1km,True,7929,7972,43
emilia thien,2025,2026,21.1km,21.1km,True,9008,7659,-1349
emily lim wen yee,2025,2026,5km,5km,True,2649,2315,-334
emma mcaulay,2025,2026,21.1km,21.1km,True,8672,6881,-1791
emmanuel soh winson,2025,2026,21.1km,21.1km,True,8331,8044,-287
en hoe li,2025,2026,21.1km,21.1km,True,9440,6427,-3013
en puah zhi,2025,2026,10km,15km,False,,,
en tay xin,2025,2026,21.1km,10km,False,,,
en teng zi,2025,2026,15km,21.1km,False,,,
eng fong lau,2025,2026,21.1km,21.1km,True,9845,9994,149
eng khng koon,2025,2026,21.1km,21.1km,True,6432,5816,-616
eng khor sheng,2025,2026,15km,21.1km,False,,,
eng tian ying,2025,2026,21.1km,21.1km,True,5775,8171,2396
er hao wen,2025,2026,5km,5km,True,4065,2975,-1090
eric ng,2025,2026,5km,10km,False,,,
eric teo,2025,2026,21.1km,21.1km,True,7874,7486,-388
eric wu,2025,2026,21.1km,21.1km,True,8136,8955,819
erin ong,2025,2026,10km,10km,True,3542,3325,-217
ern joyce sze tan,2025,2026,21.1km,21.1km,True,7983,7298,-685
ernest lee yi zheng,2025,2026,21.1km,21.1km,True,8084,6903,-1181
esme low,2025,2026,21.1km,10km,False,,,
ethelreda villavieja,2025,2026,10km,10km,True,4975,5937,962
eugene goh,2025,2026,21.1km,21.1km,True,5663,4985,-678
eugene lee,2025,2026,21.1km,21.1km,True,7989,8769,780
eugene sng,2025,2026,21.1km,21.1km,True,5690,5622,-68
evangeline tan,2025,2026,21.1km,21.1km,True,7811,8312,501
evon wang,2025,2026,15km,10km,False,,,
ezra sim,2025,2026,5km,10km,False,,,
fabian oelze,2025,2026,10km,10km,True,3566,3423,-143
fahrie muhammad,2025,2026,10km,15km,False,,,
faisal johandi,2025,2026,21.1km,21.1km,True,8508,10271,1763
faith see,2025,2026,21.1km,21.1km,True,7579,9061,1482
fang pin teo,2025,2026,21.1km,21.1km,True,6800,8509,1709
farren lee,2025,2026,5km,21.1km,False,,,
fawzee mohd,2025,2026,5km,3km,False,,,
faye tin vin,2025,2026,700m Kids,700m Kids,True,420,600,180
feen koay shen,2025,2026,5km,5km,True,3538,2871,-667
fei kai siah,2025,2026,10km,21.1km,False,,,
feliks zharkov,2025,2026,700m Kids,700m Kids,True,420,600,180
felix koh,2025,2026,10km,10km,True,4180,4275,95
felix toh,2025,2026,10km,10km,True,3770,3893,123
fen gooi shu,2025,2026,10km,10km,True,6031,6046,15
fernandez jane karen,2025,2026,5km,5km,True,3638,2995,-643
fiona tan,2025,2026,3km,5km,False,,,
florence mok wing yan,2025,2026,10km,10km,True,4156,4163,7
fong fu wei,2025,2026,21.1km,21.1km,True,10491,11007,516
fong geen siew,2025,2026,21.1km,21.1km,True,8148,8175,27
fong kit wai,2025,2026,5km,5km,True,3476,2476,-1000
fong ng yee,2025,2026,10km,21.1km,False,,,
fong ngai sok,2025,2026,5km,15km,False,,,
fong toh wee,2025,2026,21.1km,21.1km,True,6522,6273,-249
foo jong tong,2025,2026,21.1km,21.1km,True,6669,6585,-84
foo lin mei,2025,2026,21.1km,21.1km,True,6976,9809,2833
foo matthew,2025,2026,21.1km,21.1km,True,9269,9137,-132
foo shan yan,2025,2026,10km,10km,True,4795,4646,-149
foo sheryl,2025,2026,15km,15km,True,6825,6084,-741
foo wan xin,2025,2026,21.1km,21.1km,True,8190,6906,-1284
francis goh,2025,2026,21.1km,15km,False,,,
francis low,2025,2026,15km,21.1km,False,,,
francis sim,2025,2026,21.1km,21.1km,True,10236,11094,858
francois-eric mezin,2025,2026,21.1km,21.1km,True,6927,6688,-239
frank meyer,2025,2026,21.1km,21.1km,True,7956,7846,-110
frankie tan,2025,2026,15km,15km,True,7566,6937,-629
frederick lim,2025,2026,10km,10km,True,4222,4080,-142
fun pui yim,2025,2026,21.1km,21.1km,True,8475,8644,169
fung hwee lim,2025,2026,10km,15km,False,,,
fung ka yan,2025,2026,21.1km,21.1km,True,9655,7664,-1991
fusheng yam,2025,2026,10km,10km,True,3167,3110,-57
gabriel lim,2025,2026,21.1km,21.1km,True,10298,10350,52
galetti tanja,2025,2026,10km,21.1km,False,,,
gan koon yit,2025,2026,10km,10km,True,3896,4248,352
gan lynn sheue,2025,2026,5km,5km,True,3667,3251,-416
gangasalam ramalingam,2025,2026,5km,5km,True,3500,2368,-1132
gao shu,2025,2026,21.1km,21.1km,True,5695,5793,98
garrick lee,2025,2026,21.1km,21.1km,True,7040,8768,1728
gary lee,2025,2026,21.1km,21.1km,True,8092,8817,725
gayathri rajakkannu,2025,2026,5km,5km,True,3134,2372,-762
gee lee wei,2025,2026,5km,5km,True,2525,2233,-292
gen ivan jia lee,2025,2026,21.1km,21.1km,True,5095,5036,-59
geok hwee seah,2025,2026,10km,10km,True,3333,3179,-154
george tham,2025,2026,10km,10km,True,3917,3520,-397
gerald xiang yeo zhi,2025,2026,21.1km,21.1km,True,8381,5909,-2472
geraldine li ling wong,2025,2026,10km,10km,True,4838,4069,-769
gerard lum,2025,2026,21.1km,21.1km,True,7038,6562,-476
glendon ong,2025,2026,21.1km,21.1km,True,8729,8533,-196
goel nidhi,2025,2026,21.1km,21.1km,True,9007,9151,144
gogulapriya vadivel,2025,2026,3km,3km,True,2142,1976,-166
goh gordon,2025,2026,10km,15km,False,,,
goh kenneth,2025,2026,21.1km,5km,False,,,
goh meei yunn,2025,2026,10km,10km,True,4542,4584,42
goh patrick,2025,2026,21.1km,21.1km,True,8976,12266,3290
goh yuxin,2025,2026,21.1km,21.1km,True,10076,10222,146
goo how-zer,2025,2026,21.1km,21.1km,True,6937,7011,74
gordon tan,2025,2026,10km,21.1km,False,,,
gosavi tushar,2025,2026,21.1km,21.1km,True,8069,9073,1004
grace tan,2025,2026,3km,3km,True,1421,860,-561
graner lucie,2025,2026,15km,10km,False,,,
graner olivie,2025,2026,700m Kids,700m Kids,True,420,600,180
gresi palmisano,2025,2026,10km,15km,False,,,
gu qin,2025,2026,5km,5km,True,2312,4228,1916
gu ruilin,2025,2026,21.1km,21.1km,True,8786,9870,1084
guan lee you,2025,2026,21.1km,21.1km,True,6412,5743,-669
guan tan,2025,2026,15km,21.1km,False,,,
guo leow shao,2025,2026,21.1km,21.1km,True,8212,7552,-660
guo xianren,2025,2026,21.1km,21.1km,True,7650,7383,-267
guo yongqiang,2025,2026,21.1km,21.1km,True,10168,7288,-2880
h mike,2025,2026,21.1km,21.1km,True,7039,7321,282
hafizd muhammad,2025,2026,10km,15km,False,,,
hai hock tay,2025,2026,5km,5km,True,2554,1917,-637
haikal omer,2025,2026,21.1km,21.1km,True,10438,9453,-985
haja mohamed mydin nasar,2025,2026,10km,10km,True,2595,2652,57
hameed nur shahul syazana,2025,2026,15km,10km,False,,,
han jin tan,2025,2026,21.1km,5km,False,,,
han kenneth,2025,2026,10km,3km,False,,,
han lau wei,2025,2026,5km,5km,True,3478,2474,-1004
han min siew,2025,2026,10km,10km,True,3873,3552,-321
hanae kuwano,2025,2026,21.1km,21.1km,True,8368,7994,-374
handa pankaj,2025,2026,10km,10km,True,5944,5953,9
hankinson roxanne,2025,2026,15km,21.1km,False,,,
hanxiang huang,2025,2026,21.1km,21.1km,True,8054,8683,629
hao jordan lee yuan,2025,2026,5km,10km,False,,,
hao ping tan,2025,2026,21.1km,21.1km,True,8959,7820,-1139
hardy poh,2025,2026,10km,21.1km,False,,,
haris samingan,2025,2026,21.1km,10km,False,,,
harrison kristina,2025,2026,21.1km,21.1km,True,6742,7772,1030
hau ho jia,2025,2026,21.1km,21.1km,True,5996,5467,-529
hau song wong,2025,2026,21.1km,21.1km,True,5135,7769,2634
haylee ong,2025,2026,5km,5km,True,3040,2493,-547
haziq hazwan mustafah,2025,2026,5km,5km,True,2739,2042,-697
he sijie,2025,2026,10km,10km,True,2799,2525,-274
heah minyi,2025,2026,21.1km,10km,False,,,
hejia zhang,2025,2026,21.1km,21.1km,True,8113,7864,-249
heng heng weng weng wong wong,2025,2026,10km,10km,True,5641,5334,-307
heng hiang mor,2025,2026,21.1km,21.1km,True,9370,9250,-120
heng joey,2025,2026,21.1km,21.1km,True,8636,9282,646
heng kiew yi,2025,2026,21.1km,21.1km,True,5421,5482,61
heng lai tan,2025,2026,10km,10km,True,3950,3890,-60
heng lim yeow,2025,2026,21.1km,10km,False,,,
heng susan,2025,2026,10km,10km,True,4821,4816,-5
heng xingyu,2025,2026,21.1km,21.1km,True,10013,9642,-371
hia jie wei,2025,2026,21.1km,21.1km,True,5104,4995,-109
hian ho hoon,2025,2026,21.1km,21.1km,True,8412,8749,337
hiang joo tan,2025,2026,15km,21.1km,False,,,
hima palliyalil pookkottu,2025,2026,5km,5km,True,3721,2641,-1080
himanshu upadhyaya,2025,2026,21.1km,21.1km,True,7658,7388,-270
hiong low miaw,2025,2026,5km,5km,True,3946,3382,-564
hiromi okawara,2025,2026,3km,3km,True,1408,1527,119
hiroyuki takashima,2025,2026,21.1km,21.1km,True,8167,10601,2434
hitomi kawabata,2025,2026,21.1km,21.1km,True,8856,9459,603
ho hui sieh,2025,2026,10km,10km,True,4553,4273,-280
ho jeremy,2025,2026,21.1km,21.1km,True,6809,6355,-454
ho joshua,2025,2026,21.1km,21.1km,True,6677,9387,2710
ho kenneth,2025,2026,10km,15km,False,,,
ho li zen,2025,2026,21.1km,21.1km,True,7934,7879,-55
ho melvin,2025,2026,21.1km,21.1km,True,7210,6993,-217
hock hoe ng vincent,2025,2026,21.1km,21.1km,True,9784,9545,-239
hock kim lim,2025,2026,21.1km,21.1km,True,9875,9408,-467
hock lim seng,2025,2026,5km,21.1km,False,,,
hock tan tick,2025,2026,21.1km,21.1km,True,10937,11527,590
hoe leong mike wing,2025,2026,10km,5km,False,,,
hon justin,2025,2026,21.1km,10km,False,,,
hon loke wah,2025,2026,21.1km,21.1km,True,8915,7858,-1057
hong josiah,2025,2026,21.1km,21.1km,True,5981,5629,-352
hong kai weng,2025,2026,15km,21.1km,False,,,
hong kwei yong,2025,2026,5km,5km,True,3015,2559,-456
hong li loh,2025,2026,10km,10km,True,4344,4688,344
hong lim yong,2025,2026,21.1km,21.1km,True,8582,7510,-1072
hong ng wee,2025,2026,21.1km,21.1km,True,6389,7962,1573
hongzhe liu,2025,2026,10km,10km,True,4584,4204,-380
hoo jie kai,2025,2026,21.1km,21.1km,True,6734,6057,-677
hoon lee ng,2025,2026,5km,5km,True,3681,2995,-686
hoong kim wong,2025,2026,10km,15km,False,,,
hou shiying,2025,2026,21.1km,21.1km,True,5299,7496,2197
how kah ong,2025,2026,5km,10km,False,,,
how poh soh,2025,2026,10km,15km,False,,,
howe kim tan,2025,2026,21.1km,21.1km,True,8507,9067,560
howe raymond,2025,2026,21.1km,21.1km,True,7365,11803,4438
howe seet seng,2025,2026,5km,5km,True,2969,2541,-428
hua loh teck,2025,2026,21.1km,21.1km,True,6926,6386,-540
huai koh wen,2025,2026,21.1km,21.1km,True,9469,8688,-781
huang jianting,2025,2026,700m Kids,700m Kids,True,420,600,180
huang melvin,2025,2026,21.1km,10km,False,,,
huang shengye,2025,2026,10km,10km,True,4841,4202,-639
huang yan,2025,2026,5km,5km,True,3903,3578,-325
huang yuxuan,2025,2026,3km,3km,True,2178,2231,53
huangfu huifang,2025,2026,10km,10km,True,5095,5007,-88
huat peh tiong,2025,2026,21.1km,21.1km,True,7773,7229,-544
hui jia neo,2025,2026,5km,3km,False,,,
hui jie wong,2025,2026,10km,10km,True,5282,4400,-882
hui kai wong,2025,2026,21.1km,21.1km,True,8626,8715,89
hui khian poh,2025,2026,5km,5km,True,2891,2144,-747
hui koh meu,2025,2026,21.1km,21.1km,True,8955,8947,-8
hui poo ying,2025,2026,10km,10km,True,3815,3708,-107
huiyu su,2025,2026,5km,5km,True,4000,2817,-1183
hussein liyana mokhtar,2025,2026,15km,10km,False,,,
iana kostetskaia,2025,2026,10km,21.1km,False,,,
ibarrola johnny,2025,2026,21.1km,15km,False,,,
ibrahim ibrahim,2025,2026,10km,10km,True,4190,3974,-216
idrys thian,2025,2026,15km,21.1km,False,,,
inn ping tey,2025,2026,5km,10km,False,,,
irene lai,2025,2026,5km,10km,False,,,
irwin loo,2025,2026,21.1km,21.1km,True,7290,7076,-214
isaac wong,2025,2026,21.1km,21.1km,True,6636,6490,-146
ito sotaro,2025,2026,21.1km,21.1km,True,6946,6503,-443
ivan tan,2025,2026,10km,10km,True,4912,4614,-298
iyappan kaliyamurthy,2025,2026,5km,5km,True,3086,2306,-780
iyyappan kannan,2025,2026,21.1km,21.1km,True,10620,8834,-1786
jack lim,2025,2026,10km,21.1km,False,,,
jacky yen,2025,2026,10km,21.1km,False,,,
jaffar jamaludin,2025,2026,21.1km,21.1km,True,6725,6380,-345
jain pramit,2025,2026,21.1km,21.1km,True,8641,9142,501
jaiswal satya,2025,2026,10km,10km,True,4360,4087,-273
james midgley,2025,2026,21.1km,21.1km,True,6785,7790,1005
jane moh,2025,2026,5km,5km,True,2981,2903,-78
janice lee,2025,2026,21.1km,21.1km,True,8920,8609,-311
janice yap,2025,2026,3km,5km,False,,,
jarren tay,2025,2026,21.1km,21.1km,True,6662,7614,952
jasmine lee,2025,2026,21.1km,21.1km,True,10036,7304,-2732
jason julian,2025,2026,10km,21.1km,False,,,
jason koh,2025,2026,5km,3km,False,,,
jason pitkin,2025,2026,10km,10km,True,3199,4249,1050
jason sam,2025,2026,21.1km,21.1km,True,7412,8731,1319
jasper tan,2025,2026,10km,21.1km,False,,,
javen teo,2025,2026,15km,21.1km,False,,,
jayden ling,2025,2026,21.1km,21.1km,True,9227,9226,-1
jeannie lee,2025,2026,5km,3km,False,,,
jeff sng,2025,2026,10km,10km,True,5017,4813,-204
jeffery lim,2025,2026,21.1km,21.1km,True,7285,9432,2147
jeffrey lee,2025,2026,5km,21.1km,False,,,
jennifer olliaro,2025,2026,21.1km,15km,False,,,
jennifer soong,2025,2026,5km,5km,True,3821,2995,-826
jenssen lee,2025,2026,21.1km,21.1km,True,5703,7570,1867
jer neo ruey,2025,2026,5km,15km,False,,,
jeremy lim,2025,2026,10km,10km,True,4922,3420,-1502
jeremy mok,2025,2026,21.1km,21.1km,True,10001,8984,-1017
jeremy sia,2025,2026,21.1km,21.1km,True,8852,9235,383
jess zheng,2025,2026,21.1km,21.1km,True,7934,8035,101
jessica yu,2025,2026,5km,5km,True,2749,2294,-455
jessika lim,2025,2026,15km,15km,True,6945,6476,-469
jewnkok pong,2025,2026,10km,10km,True,5590,6732,1142
jia min wong,2025,2026,5km,15km,False,,,
jia min woo,2025,2026,21.1km,21.1km,True,8955,6231,-2724
jia qing teo,2025,2026,21.1km,21.1km,True,7061,6900,-161
jia rong wong,2025,2026,10km,10km,True,3879,3645,-234
jia tan wei,2025,2026,10km,15km,False,,,
jia tan xuan,2025,2026,15km,21.1km,False,,,
jia woo yu,2025,2026,21.1km,21.1km,True,7470,6702,-768
jianping lin,2025,2026,5km,5km,True,2768,1834,-934
jiaquan liang,2025,2026,21.1km,21.1km,True,7889,8084,195
jiateng tang,2025,2026,21.1km,21.1km,True,8052,6684,-1368
jie jun kwan,2025,2026,21.1km,21.1km,True,6856,7684,828
jie koh min,2025,2026,15km,21.1km,False,,,
jie lim zi,2025,2026,21.1km,21.1km,True,6525,6211,-314
jie loh,2025,2026,21.1km,21.1km,True,7152,9809,2657
jieren lin,2025,2026,21.1km,21.1km,True,8792,7980,-812
jimmy loy,2025,2026,21.1km,21.1km,True,10422,10715,293
jin jin tan,2025,2026,5km,5km,True,3744,3617,-127
jin lee,2025,2026,21.1km,10km,False,,,
jin ng,2025,2026,10km,21.1km,False,,,
jin qing zeng,2025,2026,10km,10km,True,3554,3232,-322
jing lim,2025,2026,15km,21.1km,False,,,
jing lim yang,2025,2026,21.1km,21.1km,True,8427,9646,1219
jing lok yan,2025,2026,21.1km,21.1km,True,6590,5931,-659
jing ng xuan,2025,2026,10km,15km,False,,,
jing ong yin,2025,2026,10km,10km,True,5437,5835,398
jinmu li,2025,2026,700m Kids,700m Kids,True,420,600,180
jinze li,2025,2026,700m Kids,700m Kids,True,420,600,180
jitong wu,2025,2026,21.1km,21.1km,True,7697,6686,-1011
jk kang,2025,2026,21.1km,21.1km,True,7733,7461,-272
jk quek,2025,2026,21.1km,21.1km,True,7937,7615,-322
joanna kuan,2025,2026,10km,15km,False,,,
joanna lee,2025,2026,5km,5km,True,2704,2663,-41
joanna ong,2025,2026,10km,10km,True,6611,4536,-2075
joe yuan,2025,2026,10km,21.1km,False,,,
joe zhao,2025,2026,10km,5km,False,,,
joey poh,2025,2026,5km,5km,True,2827,2501,-326
joey wee,2025,2026,21.1km,10km,False,,,
johannes raschke,2025,2026,21.1km,21.1km,True,6586,6066,-520
john ju lim yeow,2025,2026,10km,10km,True,5193,4919,-274
john yates,2025,2026,21.1km,10km,False,,,
john yeong,2025,2026,10km,10km,True,3197,3741,544
johnny tan,2025,2026,3km,10km,False,,,
jonathan pua,2025,2026,21.1km,21.1km,True,8081,7075,-1006
jordan true-tobiasz,2025,2026,700m Kids,700m Kids,True,420,600,180
joseph woon,2025,2026,21.1km,10km,False,,,
josephine pang,2025,2026,21.1km,21.1km,True,9362,9804,442
joshua kung,2025,2026,21.1km,21.1km,True,7591,7184,-407
joshua lau,2025,2026,10km,21.1km,False,,,
joshua ng,2025,2026,10km,10km,True,4887,4921,34
jovan lye,2025,2026,5km,5km,True,3131,2295,-836
joy quek,2025,2026,5km,5km,True,3414,2242,-1172
joyce lai,2025,2026,15km,21.1km,False,,,
joyce ng,2025,2026,5km,10km,False,,,
joycelin see,2025,2026,5km,5km,True,4495,3529,-966
jr miguel noble,2025,2026,5km,5km,True,3638,3727,89
juay pauline,2025,2026,5km,5km,True,3676,3402,-274
jui liang voon,2025,2026,21.1km,15km,False,,,
julien nicolas,2025,2026,10km,10km,True,3708,4880,1172
juline lew,2025,2026,21.1km,10km,False,,,
julius lee,2025,2026,21.1km,21.1km,True,9102,8687,-415
jun kai neo tristan,2025,2026,5km,10km,False,,,
jun kai ong,2025,2026,21.1km,21.1km,True,8160,9398,1238
jun liang lim,2025,2026,21.1km,21.1km,True,6687,7240,553
jun tan xiang,2025,2026,5km,21.1km,False,,,
jun way wu,2025,2026,10km,10km,True,5374,5489,115
junhong lester lin,2025,2026,10km,10km,True,5411,5203,-208
justin teo,2025,2026,10km,10km,True,6319,6269,-50
justin wong,2025,2026,10km,10km,True,3434,4082,648
justina zeng,2025,2026,21.1km,21.1km,True,7225,6750,-475
jyoti patra prakash,2025,2026,21.1km,21.1km,True,8507,12208,3701
ka leung yun,2025,2026,5km,5km,True,1984,1339,-645
kaenice tu,2025,2026,5km,5km,True,2551,2299,-252
kahchin tan,2025,2026,10km,21.1km,False,,,
kai kelvin ming ng,2025,2026,5km,3km,False,,,
kai lai rou,2025,2026,15km,15km,True,6525,6177,-348
kai lin yeo,2025,2026,21.1km,21.1km,True,7741,6676,-1065
kai liu,2025,2026,10km,10km,True,3964,3910,-54
kai ong yu,2025,2026,10km,5km,False,,,
kai yen,2025,2026,21.1km,21.1km,True,9551,9802,251
kaiheng lim,2025,2026,21.1km,21.1km,True,7244,5497,-1747
kalaichelvan ramachandran,2025,2026,21.1km,21.1km,True,7589,6828,-761
kalidasan shanmugam,2025,2026,10km,10km,True,4221,4036,-185
kalyanasundaram sivaprakasam,2025,2026,5km,5km,True,3322,1987,-1335
kam ryan,2025,2026,21.1km,21.1km,True,7849,7247,-602
kanagaraj saranya,2025,2026,10km,10km,True,6847,6348,-499
kanayama shingo,2025,2026,10km,10km,True,3957,3840,-117
kandhasamy senguttuvan,2025,2026,5km,5km,True,2595,2287,-308
kang toh wei,2025,2026,5km,5km,True,3940,2975,-965
kanishk kanoria,2025,2026,10km,21.1km,False,,,
kannan malaimegam,2025,2026,5km,5km,True,3221,2050,-1171
karal marks regurayar,2025,2026,21.1km,21.1km,True,10215,9958,-257
karen yeung,2025,2026,15km,21.1km,False,,,
karthi keyan pookkadampu,2025,2026,10km,5km,False,,,
karthi muthuraman,2025,2026,21.1km,21.1km,True,7501,12821,5320
karthikeyan vijayavel,2025,2026,5km,5km,True,3786,2255,-1531
kate williams,2025,2026,21.1km,21.1km,True,10081,8914,-1167
kathleen koh,2025,2026,3km,5km,False,,,
kaur nanaki,2025,2026,700m Kids,700m Kids,True,420,600,180
kaushal kunalan,2025,2026,10km,10km,True,3961,3580,-381
kaylee tan,2025,2026,10km,21.1km,False,,,
kazutami okitsu,2025,2026,5km,5km,True,1944,1801,-143
kc sim,2025,2026,21.1km,21.1km,True,7286,5735,-1551
kcarol liew,2025,2026,10km,15km,False,,,
ke lim wei,2025,2026,5km,5km,True,4406,3638,-768
keat mun wong,2025,2026,21.1km,21.1km,True,10125,9928,-197
kee koh wui,2025,2026,10km,5km,False,,,
kee siau wee,2025,2026,5km,10km,False,,,
kee sin tan,2025,2026,10km,5km,False,,,
kelvin lee,2025,2026,10km,10km,True,4208,3555,-653
kelvin lo,2025,2026,21.1km,21.1km,True,6526,8425,1899
kelvin loh,2025,2026,21.1km,21.1km,True,8606,7808,-798
kelvin low,2025,2026,21.1km,21.1km,True,10932,10520,-412
ken wong,2025,2026,21.1km,21.1km,True,9112,9246,134
keng law yong,2025,2026,21.1km,21.1km,True,7231,7007,-224
keng li wong,2025,2026,5km,10km,False,,,
keng meng wong,2025,2026,10km,10km,True,3477,3410,-67
kennard lim,2025,2026,21.1km,21.1km,True,7291,7820,529
kenneth kwok,2025,2026,21.1km,21.1km,True,9257,8324,-933
kenneth liew,2025,2026,21.1km,21.1km,True,7366,10077,2711
kenneth ong,2025,2026,10km,21.1km,False,,,
kenneth siau,2025,2026,21.1km,21.1km,True,8032,6647,-1385
keong lew loon,2025,2026,10km,15km,False,,,
keru li,2025,2026,21.1km,21.1km,True,8544,7707,-837
keshav saku,2025,2026,10km,10km,True,2672,2385,-287
kevin lok,2025,2026,21.1km,21.1km,True,10219,6750,-3469
kevin zhu,2025,2026,21.1km,21.1km,True,6537,7044,507
khairuldin mohamed sediek,2025,2026,10km,10km,True,4893,4407,-486
kheng lin mireille tze,2025,2026,700m Kids,700m Kids,True,420,600,180
khiank swee yeo,2025,2026,21.1km,21.1km,True,7991,7403,-588
khim lee yong,2025,2026,21.1km,21.1km,True,6360,8658,2298
khim mun yih,2025,2026,5km,5km,True,2594,2236,-358
khoo pui san,2025,2026,5km,5km,True,3034,2688,-346
khoo teresa,2025,2026,10km,10km,True,4865,4944,79
khoo tiffany,2025,2026,10km,15km,False,,,
khoo yuan zhi,2025,2026,21.1km,21.1km,True,6665,6434,-231
khor ray,2025,2026,21.1km,21.1km,True,6768,6752,-16
kiamil raif,2025,2026,700m Kids,700m Kids,True,420,600,180
kian soon yong,2025,2026,21.1km,21.1km,True,6708,7131,423
kiat lai wai,2025,2026,21.1km,21.1km,True,10982,9751,-1231
kim king zeon,2025,2026,21.1km,21.1km,True,7719,7686,-33
kim lee voon,2025,2026,5km,5km,True,3151,3010,-141
kim souvan,2025,2026,21.1km,21.1km,True,7178,7436,258
kimura mei,2025,2026,700m Kids,700m Kids,True,420,600,180
kin wing yan,2025,2026,21.1km,21.1km,True,12942,12066,-876
king lye tan,2025,2026,21.1km,21.1km,True,9743,7958,-1785
kiran olla prabhu,2025,2026,10km,5km,False,,,
kit leong murphy wai,2025,2026,21.1km,21.1km,True,7130,6946,-184
kit putt,2025,2026,5km,5km,True,4143,3108,-1035
klaus maile,2025,2026,21.1km,21.1km,True,10608,10968,360
ko ko wynn,2025,2026,21.1km,21.1km,True,8206,11468,3262
ko siang swee,2025,2026,21.1km,21.1km,True,8165,7548,-617
koa lynn,2025,2026,21.1km,10km,False,,,
koduru moorthy nikhil,2025,2026,10km,10km,True,3045,3343,298
koh leroy,2025,2026,15km,15km,True,8432,6319,-2113
koh linus,2025,2026,21.1km,21.1km,True,7199,6800,-399
koh luwen,2025,2026,21.1km,10km,False,,,
koh mui thong,2025,2026,21.1km,21.1km,True,13545,12903,-642
koh walter,2025,2026,5km,5km,True,3055,2950,-105
kok lai tay,2025,2026,10km,10km,True,6868,6515,-353
kok leong ng,2025,2026,21.1km,21.1km,True,6369,8748,2379
kok-chye ong,2025,2026,21.1km,21.1km,True,9185,8765,-420
kom zhixin,2025,2026,21.1km,10km,False,,,
kookal sreekanth,2025,2026,21.1km,21.1km,True,10531,10728,197
koon seng tew,2025,2026,10km,10km,True,3885,3761,-124
kristina plaza,2025,2026,10km,10km,True,4092,3911,-181
kuan song yin,2025,2026,21.1km,21.1km,True,11156,12612,1456
kulandaivelu kumar muthu,2025,2026,21.1km,21.1km,True,9607,9437,-170
kumar manoj,2025,2026,21.1km,21.1km,True,8836,9235,399
kumar mukesh,2025,2026,21.1km,21.1km,True,9893,9527,-366
kumar nishant,2025,2026,15km,15km,True,5526,5222,-304
kumaran tanush,2025,2026,700m Kids,700m Kids,True,420,600,180
kumaravel thashvin,2025,2026,15km,21.1km,False,,,
kun soh zhi,2025,2026,21.1km,21.1km,True,8663,9123,460
kuok ng shern,2025,2026,21.1km,21.1km,True,5592,7389,1797
kwan peng yoke,2025,2026,3km,5km,False,,,
lai sung wong,2025,2026,21.1km,21.1km,True,8518,9103,585
lai tian yao,2025,2026,21.1km,21.1km,True,8296,7171,-1125
lam mun yuan,2025,2026,21.1km,21.1km,True,5815,5227,-588
lam shannon,2025,2026,10km,10km,True,3023,4602,1579
lam sherilyn,2025,2026,10km,21.1km,False,,,
lan ronald,2025,2026,21.1km,21.1km,True,8680,8954,274
lau ning yen,2025,2026,21.1km,21.1km,True,9928,9495,-433
lau wee yun,2025,2026,10km,5km,False,,,
laura urciuoli,2025,2026,21.1km,10km,False,,,
law lowell,2025,2026,5km,10km,False,,,
law mervin,2025,2026,10km,10km,True,2599,2514,-85
lay peng tan,2025,2026,3km,3km,True,1468,1786,318
lay teo tin,2025,2026,21.1km,21.1km,True,7902,8694,792
lee mark ming ser,2025,2026,10km,15km,False,,,
lee meng sze,2025,2026,21.1km,21.1km,True,8517,6954,-1563
lee ming nan,2025,2026,21.1km,21.1km,True,9468,8653,-815
lee ming yao,2025,2026,10km,10km,True,4625,4622,-3
lee ng tong,2025,2026,10km,10km,True,4875,4520,-355
lee pamela,2025,2026,10km,10km,True,4769,5021,252
lee patricia,2025,2026,5km,3km,False,,,
lee rachel,2025,2026,21.1km,21.1km,True,5962,6937,975
lee ron,2025,2026,21.1km,21.1km,True,6916,7439,523
lee sam timothy,2025,2026,21.1km,21.1km,True,6726,6507,-219
lee samuel,2025,2026,5km,5km,True,1956,2577,621
lee sherlyn,2025,2026,3km,5km,False,,,
lee simon,2025,2026,10km,21.1km,False,,,
lee sze yin,2025,2026,15km,15km,True,6391,6349,-42
lee tan tong,2025,2026,21.1km,15km,False,,,
lee tann wei,2025,2026,5km,5km,True,3158,2674,-484
lee u-wen,2025,2026,10km,15km,False,,,
lee vicky,2025,2026,21.1km,21.1km,True,8215,12106,3891
lee wayne,2025,2026,3km,700m Kids,False,,,
lee xavier,2025,2026,5km,10km,False,,,
lee yongqing,2025,2026,15km,21.1km,False,,,
lek num wee,2025,2026,21.1km,21.1km,True,11537,10568,-969
leon tan,2025,2026,21.1km,700m Kids,False,,,
leonard low,2025,2026,21.1km,21.1km,True,11134,10119,-1015
leonardo rizzi,2025,2026,700m Kids,700m Kids,True,420,600,180
leonel lim,2025,2026,21.1km,21.1km,True,6066,7028,962
leong siew tuck,2025,2026,10km,15km,False,,,
leow philene,2025,2026,10km,5km,False,,,
lewis wong,2025,2026,21.1km,21.1km,True,7695,7410,-285
li lian wang,2025,2026,10km,10km,True,5128,5478,350
li ling tan,2025,2026,15km,10km,False,,,
li ross,2025,2026,10km,15km,False,,,
li tong yeo,2025,2026,5km,10km,False,,,
li xiaolong,2025,2026,15km,21.1km,False,,,
li xin,2025,2026,21.1km,10km,False,,,
li yufeng,2025,2026,10km,5km,False,,,
li ziqiang,2025,2026,21.1km,21.1km,True,8736,9058,322
lian mei pang,2025,2026,3km,3km,True,2179,2232,53
lian yaqing,2025,2026,21.1km,21.1km,True,9960,9624,-336
liang tenh wei,2025,2026,21.1km,21.1km,True,6592,5952,-640
liang wei zhi,2025,2026,5km,21.1km,False,,,
liau seng wah,2025,2026,21.1km,21.1km,True,5898,5804,-94
licheng ng,2025,2026,21.1km,21.1km,True,8003,8193,190
lidstone trent,2025,2026,21.1km,21.1km,True,6672,7581,909
liew marc,2025,2026,21.1km,15km,False,,,
liew sumana,2025,2026,10km,21.1km,False,,,
liew xin yee,2025,2026,5km,5km,True,4138,3291,-847
lihocky michal,2025,2026,21.1km,21.1km,True,7655,8508,853
lily ponnuswathy,2025,2026,5km,10km,False,,,
lily tan,2025,2026,15km,10km,False,,,
lim linda,2025,2026,5km,21.1km,False,,,
lim luang siew,2025,2026,15km,21.1km,False,,,
lim luke,2025,2026,21.1km,21.1km,True,7584,7085,-499
lim martin,2025,2026,21.1km,10km,False,,,
lim max,2025,2026,21.1km,21.1km,True,9134,9501,367
lim nicholas,2025,2026,10km,10km,True,3860,4121,261
lim qin wen,2025,2026,15km,15km,True,7104,6369,-735
lim renee,2025,2026,10km,10km,True,3788,4494,706
lim seng wei,2025,2026,10km,10km,True,4863,4772,-91
lim seraphina,2025,2026,10km,10km,True,3947,3964,17
lim shang yi,2025,2026,21.1km,21.1km,True,9212,10042,830
lim shannon,2025,2026,15km,5km,False,,,
lim siang teck,2025,2026,21.1km,21.1km,True,7762,7568,-194
lim soon teck,2025,2026,3km,3km,True,1486,1783,297
lim wee yang,2025,2026,21.1km,21.1km,True,10043,6760,-3283
lim zack,2025,2026,21.1km,21.1km,True,6620,7679,1059
lin lionel,2025,2026,5km,5km,True,4475,2351,-2124
lin wilson zongheng,2025,2026,15km,21.1km,False,,,
lin xiaohan,2025,2026,15km,15km,True,6868,7020,152
lin zhou,2025,2026,10km,5km,False,,,
linawaty linawaty,2025,2026,5km,5km,True,2790,2260,-530
linda ng,2025,2026,10km,10km,True,6695,6294,-401
ling ling teh,2025,2026,5km,5km,True,3292,2800,-492
ling liy yap,2025,2026,5km,5km,True,2739,2138,-601
ling lum suan,2025,2026,10km,10km,True,5736,6312,576
ling lye sze,2025,2026,5km,5km,True,3717,2944,-773
liow ping zee,2025,2026,15km,21.1km,False,,,
liu patricia,2025,2026,5km,5km,True,2490,2146,-344
liu wencai,2025,2026,10km,10km,True,5115,4925,-190
liu zhaohui,2025,2026,21.1km,21.1km,True,9131,8864,-267
liying zhu,2025,2026,3km,3km,True,2668,1839,-829
lobas n,2025,2026,21.1km,21.1km,True,8057,6898,-1159
loi raynand,2025,2026,21.1km,10km,False,,,
loke melissa,2025,2026,21.1km,21.1km,True,8955,8947,-8
lon tin wee,2025,2026,5km,5km,True,3028,2571,-457
loo shawn,2025,2026,15km,21.1km,False,,,
loong max,2025,2026,21.1km,21.1km,True,8443,7793,-650
loy valerie,2025,2026,21.1km,21.1km,True,9184,9046,-138
lu wei xin,2025,2026,5km,5km,True,2951,2350,-601
lucas tay,2025,2026,10km,21.1km,False,,,
luke tan,2025,2026,700m Kids,700m Kids,True,420,600,180
lum poh sam,2025,2026,21.1km,21.1km,True,8202,9061,859
lumancas rose shina,2025,2026,10km,15km,False,,,
lydia mui,2025,2026,5km,10km,False,,,
lydia tan,2025,2026,3km,3km,True,1709,1863,154
lye teo tian,2025,2026,21.1km,21.1km,True,7180,7444,264
lynn yip,2025,2026,21.1km,21.1km,True,8945,10130,1185
m tom,2025,2026,10km,10km,True,3763,4040,277
mabel tan,2025,2026,21.1km,10km,False,,,
mabel tay,2025,2026,5km,15km,False,,,
macan-markar mohamed,2025,2026,15km,21.1km,False,,,
makoto nagakoshi,2025,2026,21.1km,21.1km,True,6882,6428,-454
malone mirren,2025,2026,700m Kids,700m Kids,True,420,600,180
man mary tse yin,2025,2026,15km,15km,True,6320,6351,31
mani muthaiah muthu,2025,2026,5km,5km,True,3133,2385,-748
manikandan ramasamy,2025,2026,5km,5km,True,2833,2252,-581
manish sridhar,2025,2026,15km,10km,False,,,
manivel prakash,2025,2026,5km,5km,True,3239,2687,-552
marcus ong,2025,2026,10km,21.1km,False,,,
maribel noble,2025,2026,5km,5km,True,3663,3729,66
marilyn yeo,2025,2026,5km,5km,True,3607,3059,-548
marjorie oblinada,2025,2026,21.1km,21.1km,True,9724,11132,1408
marlinisari suardy,2025,2026,21.1km,21.1km,True,9352,8624,-728
martin paul,2025,2026,10km,10km,True,2824,2912,88
marzan oanes,2025,2026,21.1km,21.1km,True,9042,9897,855
maslim reinaldo,2025,2026,10km,10km,True,4213,4453,240
mathur saurabh,2025,2026,10km,10km,True,4679,4591,-88
matthew oh,2025,2026,21.1km,10km,False,,,
matthew wong-stewart,2025,2026,10km,21.1km,False,,,
maverick toh,2025,2026,15km,15km,True,6868,6899,31
may wan,2025,2026,5km,10km,False,,,
mekavathanan viishnu,2025,2026,21.1km,10km,False,,,
melissa then,2025,2026,5km,5km,True,3213,2518,-695
meng teo teow,2025,2026,21.1km,21.1km,True,7901,9123,1222
michael teh,2025,2026,21.1km,21.1km,True,5643,5227,-416
michael tu,2025,2026,21.1km,21.1km,True,7717,7947,230
michele yoon,2025,2026,21.1km,21.1km,True,6623,6010,-613
mihat zuraidah,2025,2026,5km,10km,False,,,
mikaela noble,2025,2026,5km,5km,True,3329,3632,303
mila volkova,2025,2026,21.1km,21.1km,True,8667,8836,169
min ng song,2025,2026,15km,15km,True,6692,8636,1944
min ong vernice ze,2025,2026,700m Kids,700m Kids,True,420,600,180
min ray tan,2025,2026,21.1km,10km,False,,,
min si tan,2025,2026,5km,21.1km,False,,,
ming ngo xuan,2025,2026,21.1km,21.1km,True,7517,8044,527
ming poon yit,2025,2026,21.1km,21.1km,True,7040,6918,-122
ming tan yi,2025,2026,21.1km,21.1km,True,6850,6670,-180
moon ng,2025,2026,10km,10km,True,4640,4293,-347
morgan sue,2025,2026,15km,10km,False,,,
mu sara,2025,2026,15km,21.1km,False,,,
muhammad sallehan zainuddin,2025,2026,21.1km,21.1km,True,6141,5563,-578
muthusamy sakthivel,2025,2026,5km,5km,True,3783,3200,-583
myint oo u,2025,2026,5km,5km,True,2715,2059,-656
nagappen wanita,2025,2026,5km,5km,True,3681,3002,-679
natalie wong,2025,2026,10km,10km,True,6419,5648,-771
natasha ten,2025,2026,15km,10km,False,,,
nedyalko terziev,2025,2026,21.1km,21.1km,True,7584,6930,-654
neo nicholas t t,2025,2026,21.1km,21.1km,True,10105,9785,-320
neo qi xiang,2025,2026,21.1km,15km,False,,,
neo will,2025,2026,700m Kids,700m Kids,True,420,600,180
neoh qian rou,2025,2026,10km,5km,False,,,
neyton tan,2025,2026,21.1km,21.1km,True,5666,6406,740
ng pin tze,2025,2026,15km,15km,True,6322,6891,569
ng ryan,2025,2026,21.1km,21.1km,True,9072,8650,-422
ng shaun,2025,2026,10km,15km,False,,,
ng siang wei,2025,2026,21.1km,21.1km,True,5538,5017,-521
ng terence,2025,2026,21.1km,21.1km,True,7226,7091,-135
ng tze wee,2025,2026,21.1km,21.1km,True,7450,5789,-1661
ng vita,2025,2026,21.1km,10km,False,,,
ng wei yee,2025,2026,21.1km,21.1km,True,10074,11456,1382
ng xiang yong,2025,2026,10km,10km,True,5411,5204,-207
nick wong,2025,2026,21.1km,21.1km,True,9016,7461,-1555
nicolette ten,2025,2026,15km,10km,False,,,
nizam rudin,2025,2026,15km,21.1km,False,,,
noel raynold wong,2025,2026,700m Kids,700m Kids,True,420,600,180
norvin tong,2025,2026,10km,21.1km,False,,,
okihara yuki,2025,2026,21.1km,21.1km,True,8137,8104,-33
oliver xiangyu zhang,2025,2026,21.1km,21.1km,True,6158,5567,-591
ong raphael,2025,2026,21.1km,21.1km,True,6672,6683,11
ong teck wee,2025,2026,21.1km,21.1km,True,8953,8414,-539
ong teng yeow,2025,2026,21.1km,15km,False,,,
ong viki xuan zhi,2025,2026,700m Kids,700m Kids,True,420,600,180
ow steven,2025,2026,5km,10km,False,,,
panda super,2025,2026,21.1km,21.1km,True,12011,12755,744
pandi sivasamy,2025,2026,5km,5km,True,2777,2411,-366
pang stephen,2025,2026,21.1km,21.1km,True,9033,8773,-260
pangaribuan vladimir,2025,2026,15km,21.1km,False,,,
panneer selvam,2025,2026,5km,5km,True,3479,3727,248
park sanghee,2025,2026,15km,21.1km,False,,,
parthasarathy ravi,2025,2026,21.1km,21.1km,True,8196,8459,263
patel shyra,2025,2026,700m Kids,700m Kids,True,420,600,180
pathak prakash prem,2025,2026,21.1km,21.1km,True,7873,7634,-239
patrick tan,2025,2026,10km,10km,True,4344,3950,-394
pau siong woo,2025,2026,21.1km,21.1km,True,5786,8429,2643
paul rellon,2025,2026,21.1km,21.1km,True,9248,10030,782
peng tan yin,2025,2026,21.1km,21.1km,True,10098,10542,444
percival scott,2025,2026,21.1km,21.1km,True,5731,5333,-398
periyasamy samydurai,2025,2026,5km,5km,True,2203,2069,-134
peter wu,2025,2026,21.1km,21.1km,True,7073,10042,2969
pillay suvitha,2025,2026,15km,15km,True,5242,5094,-148
ping ping tee,2025,2026,5km,5km,True,3156,2621,-535
ping tee yi,2025,2026,10km,5km,False,,,
pinzheng zhang,2025,2026,10km,10km,True,3611,3575,-36
pitchappillai ramesh,2025,2026,10km,5km,False,,,
piyayodilokchai tippawan,2025,2026,10km,15km,False,,,
platon zharkov,2025,2026,700m Kids,700m Kids,True,420,600,180
poh raymond,2025,2026,21.1km,21.1km,True,9284,9865,581
poh ryder,2025,2026,10km,21.1km,False,,,
poh wanda,2025,2026,15km,15km,True,6826,6076,-750
poh weijie,2025,2026,21.1km,21.1km,True,6922,7616,694
prashanth warrier,2025,2026,21.1km,21.1km,True,6711,6493,-218
pritchard zane,2025,2026,15km,15km,True,5910,5826,-84
punniamoorthy singaravadivel,2025,2026,5km,5km,True,3532,2735,-797
qai rul,2025,2026,21.1km,10km,False,,,
qinhui zhou,2025,2026,21.1km,21.1km,True,6323,6426,103
quan tan yee,2025,2026,700m Kids,700m Kids,True,420,600,180
rachel tan,2025,2026,700m Kids,21.1km,False,,,
rachel teng,2025,2026,21.1km,21.1km,True,10854,8946,-1908
radheshyam smruti,2025,2026,5km,10km,False,,,
rae woon,2025,2026,21.1km,21.1km,True,8550,7268,-1282
rafal rudnicki,2025,2026,21.1km,21.1km,True,9942,10433,491
rahim rahman,2025,2026,21.1km,21.1km,True,7501,8038,537
rajagopal riya,2025,2026,10km,10km,True,3749,3369,-380
rajaram ramachandiran,2025,2026,5km,5km,True,3140,2355,-785
rajesh sapre,2025,2026,21.1km,21.1km,True,11547,11556,9
rajesh selvaraj,2025,2026,5km,5km,True,3212,2648,-564
ramalingam vadivel,2025,2026,21.1km,21.1km,True,10466,10901,435
ramanujam ramesh,2025,2026,5km,5km,True,2583,2362,-221
ramaswamy veeramony,2025,2026,10km,10km,True,6055,6442,387
ravi srinivasan,2025,2026,21.1km,21.1km,True,7648,11770,4122
raymond ting,2025,2026,21.1km,21.1km,True,6951,7149,198
redmond thomas,2025,2026,21.1km,21.1km,True,6918,6701,-217
reynard tan,2025,2026,21.1km,10km,False,,,
richard tan,2025,2026,5km,21.1km,False,,,
rizzi valerio,2025,2026,700m Kids,700m Kids,True,420,600,180
robert troll,2025,2026,21.1km,10km,False,,,
ron siow,2025,2026,21.1km,21.1km,True,5946,5722,-224
roy tay,2025,2026,21.1km,21.1km,True,6565,6853,288
rudy wong,2025,2026,21.1km,21.1km,True,6621,7123,502
rusydan syafiq,2025,2026,21.1km,21.1km,True,8061,7006,-1055
ryan teo,2025,2026,21.1km,10km,False,,,
ryo tham,2025,2026,21.1km,21.1km,True,10134,9566,-568
s suhasini,2025,2026,5km,10km,False,,,
sajeeve thomas,2025,2026,21.1km,21.1km,True,10549,10023,-526
sale sheila,2025,2026,10km,10km,True,4930,3960,-970
sam yeow,2025,2026,10km,15km,False,,,
sandra tan,2025,2026,5km,5km,True,4156,3197,-959
sarah wan,2025,2026,21.1km,21.1km,True,6770,6747,-23
satake shinichi,2025,2026,21.1km,21.1km,True,7142,9629,2487
sathasivam thirunavukkarasu,2025,2026,10km,10km,True,3715,3556,-159
saw shing wuan,2025,2026,21.1km,21.1km,True,8775,8527,-248
seah selina,2025,2026,21.1km,21.1km,True,9397,9298,-99
sebastian sim,2025,2026,10km,10km,True,4808,4751,-57
see tan wah,2025,2026,21.1km,21.1km,True,8344,6970,-1374
selvam veerappan,2025,2026,10km,5km,False,,,
senthilkumar subramani,2025,2026,5km,5km,True,3138,3055,-83
shan shan yeo,2025,2026,21.1km,21.1km,True,6871,6652,-219
shangar shruthi,2025,2026,10km,5km,False,,,
shariff sufi,2025,2026,21.1km,21.1km,True,6441,6275,-166
sharlene sim,2025,2026,10km,15km,False,,,
sharon tan,2025,2026,21.1km,21.1km,True,7984,5976,-2008
shaun tan,2025,2026,15km,15km,True,5555,5422,-133
shawn tan,2025,2026,21.1km,21.1km,True,5930,6998,1068
sheng tan yee,2025,2026,21.1km,21.1km,True,6949,7675,726
sheryl yong,2025,2026,15km,21.1km,False,,,
shin tae won,2025,2026,21.1km,21.1km,True,6198,6048,-150
shon wei yang,2025,2026,10km,10km,True,6508,6665,157
shu tan yan,2025,2026,15km,15km,True,6553,5829,-724
shunsuke tomioka,2025,2026,21.1km,21.1km,True,7862,7597,-265
shyon toh,2025,2026,21.1km,21.1km,True,8994,8111,-883
siew tan thuan,2025,2026,15km,15km,True,10871,10218,-653
sim yu zi,2025,2026,10km,15km,False,,,
sng suzie,2025,2026,3km,3km,True,1817,1864,47
sng wenlin,2025,2026,10km,10km,True,4293,4108,-185
song tan yong,2025,2026,10km,10km,True,4332,4158,-174
soon suat yen,2025,2026,21.1km,21.1km,True,7875,7353,-522
sophia yee,2025,2026,21.1km,21.1km,True,7340,6783,-557
sree vankamamidi vijaya,2025,2026,10km,5km,False,,,
stef tam,2025,2026,3km,5km,False,,,
steffi vinca,2025,2026,10km,10km,True,5645,5486,-159
stephanie tsang,2025,2026,21.1km,10km,False,,,
steve yang,2025,2026,21.1km,21.1km,True,8658,7750,-908
steven wong,2025,2026,5km,5km,True,3065,2918,-147
subbiah veerappan,2025,2026,10km,10km,True,6033,5537,-496
sue syrus,2025,2026,700m Kids,700m Kids,True,420,600,180
suphaphat techanithisawat,2025,2026,3km,10km,False,,,
suraj vishwanath,2025,2026,10km,10km,True,4047,2980,-1067
tammy tan,2025,2026,5km,10km,False,,,
tan teck wei,2025,2026,21.1km,21.1km,True,7564,8206,642
tan terence,2025,2026,15km,21.1km,False,,,
tan thomas,2025,2026,10km,15km,False,,,
tan vince,2025,2026,10km,10km,True,3940,3579,-361
tan walter,2025,2026,10km,10km,True,3743,3307,-436
tan wilfred,2025,2026,5km,5km,True,2566,2180,-386
tatt teoh teong,2025,2026,10km,10km,True,4620,3923,-697
tay tiffany,2025,2026,10km,15km,False,,,
tay tricia,2025,2026,10km,5km,False,,,
tee yongnan,2025,2026,21.1km,21.1km,True,9971,9870,-101
teh vincent,2025,2026,5km,10km,False,,,
teng teng,2025,2026,5km,5km,True,2480,2146,-334
tessa wan yanxi,2025,2026,700m Kids,700m Kids,True,420,600,180
theodore vayakornvichit,2025,2026,700m Kids,700m Kids,True,420,600,180
ting wilson,2025,2026,21.1km,21.1km,True,6069,6167,98
tiong yaocong,2025,2026,10km,10km,True,5436,5835,399
toby williams,2025,2026,10km,10km,True,3194,2788,-406
toh victor,2025,2026,21.1km,21.1km,True,7872,8611,739
toh xiang yu,2025,2026,10km,21.1km,False,,,
vincent wang,2025,2026,21.1km,21.1km,True,9974,9234,-740
wang zhe,2025,2026,21.1km,21.1km,True,6510,6504,-6
wei yam zhi,2025,2026,10km,21.1km,False,,,
wei zhen,2025,2026,10km,21.1km,False,,,
weiyi wong,2025,2026,15km,15km,True,7125,6956,-169
wissam wissam,2025,2026,21.1km,21.1km,True,8274,7127,-1147
wong zachary,2025,2026,10km,15km,False,,,
xianhong zeng,2025,2026,21.1km,10km,False,,,
xu zhiyong,2025,2026,21.1km,21.1km,True,7863,7638,-225
yaxuan zeng,2025,2026,21.1km,21.1km,True,9429,9443,14
yeow zan,2025,2026,21.1km,21.1km,True,6065,8517,2452
yong yuwen,2025,2026,10km,15km,False,,,
zhefang zhou,2025,2026,10km,10km,True,2859,3575,716
zulhafni zulkeflee,2025,2026,21.1km,21.1km,True,7399,8768,1369
